student_id,subject_id,assessment_score,quiz_score,quiz_percentage,time_taken,current_level,next_level
1,4,7,4,40,306,Intermediate,Beginner
2,5,10,5,50,407,Intermediate,Intermediate
3,3,7,7,70,223,Intermediate,Intermediate
4,5,4,10,100,252,Intermediate,Intermediate
5,5,5,3,30,424,Beginner,Beginner
6,2,3,10,100,134,Advanced,Advanced
7,3,4,5,50,411,Intermediate,Intermediate
8,3,4,3,30,312,Beginner,Beginner
9,3,3,5,50,337,Beginner,Beginner
10,5,10,3,30,539,Intermediate,Beginner
11,4,5,10,100,126,Intermediate,Advanced
12,3,5,7,70,323,Intermediate,Intermediate
13,5,7,1,10,305,Advanced,Intermediate
14,2,4,9,90,183,Beginner,Intermediate
15,4,4,9,90,149,Advanced,Advanced
16,2,9,5,50,241,Intermediate,Intermediate
17,4,6,9,90,272,Intermediate,Intermediate
18,5,4,10,100,275,Advanced,Advanced
19,1,2,6,60,337,Intermediate,Intermediate
20,4,6,5,50,303,Beginner,Beginner
21,2,2,3,30,492,Advanced,Intermediate
22,5,5,8,80,262,Intermediate,Intermediate
23,4,6,4,40,494,Intermediate,Beginner
24,1,4,10,100,240,Advanced,Advanced
25,1,3,3,30,538,Intermediate,Beginner
26,3,7,6,60,325,Intermediate,Intermediate
27,3,2,8,80,188,Intermediate,Intermediate
28,2,6,9,90,214,Intermediate,Advanced
29,4,4,6,60,296,Beginner,Beginner
30,4,6,5,50,390,Advanced,Advanced
31,3,4,2,20,300,Beginner,Beginner
32,4,4,2,20,361,Intermediate,Beginner
33,4,4,9,90,273,Advanced,Advanced
34,1,9,2,20,573,Beginner,Beginner
35,3,7,2,20,347,Beginner,Beginner
36,5,3,3,30,436,Beginner,Beginner
37,3,3,3,30,300,Intermediate,Beginner
38,5,6,4,40,534,Advanced,Intermediate
39,1,6,7,70,356,Intermediate,Intermediate
40,2,4,9,90,270,Beginner,Intermediate
41,4,9,2,20,406,Intermediate,Beginner
42,1,4,4,40,472,Intermediate,Beginner
43,4,9,9,90,249,Beginner,Intermediate
44,2,4,2,20,593,Intermediate,Beginner
45,2,2,10,100,159,Beginner,Intermediate
46,1,2,1,10,315,Advanced,Intermediate
47,2,5,10,100,246,Beginner,Intermediate
48,5,4,8,80,236,Beginner,Intermediate
49,2,7,9,90,212,Advanced,Advanced
50,4,5,7,70,422,Intermediate,Intermediate
51,4,6,8,80,253,Beginner,Intermediate
52,4,10,4,40,558,Advanced,Intermediate
53,4,4,4,40,313,Intermediate,Beginner
54,5,2,2,20,365,Beginner,Beginner
55,3,10,8,80,214,Intermediate,Intermediate
56,1,9,2,20,494,Advanced,Intermediate
57,4,10,9,90,233,Intermediate,Advanced
58,2,7,4,40,458,Beginner,Beginner
59,4,4,1,10,460,Intermediate,Beginner
60,2,3,4,40,553,Intermediate,Beginner
61,2,10,3,30,314,Advanced,Intermediate
62,4,3,6,60,256,Beginner,Beginner
63,5,9,7,70,374,Intermediate,Intermediate
64,2,5,8,80,146,Beginner,Intermediate
65,2,3,2,20,311,Intermediate,Beginner
66,4,5,6,60,286,Advanced,Advanced
67,2,2,6,60,249,Beginner,Beginner
68,2,4,10,100,215,Beginner,Intermediate
69,4,10,5,50,434,Intermediate,Intermediate
70,4,2,10,100,254,Intermediate,Intermediate
71,1,2,10,100,153,Beginner,Intermediate
72,5,8,7,70,251,Intermediate,Intermediate
73,5,1,3,30,338,Advanced,Intermediate
74,2,7,4,40,505,Intermediate,Beginner
75,5,5,10,100,250,Intermediate,Intermediate
76,2,8,9,90,279,Beginner,Intermediate
77,1,1,4,40,342,Advanced,Intermediate
78,4,7,3,30,558,Beginner,Beginner
79,4,5,2,20,548,Beginner,Beginner
80,4,4,5,50,293,Beginner,Beginner
81,5,7,4,40,573,Intermediate,Beginner
82,1,10,8,80,186,Advanced,Advanced
83,5,2,7,70,322,Beginner,Beginner
84,5,1,6,60,409,Advanced,Advanced
85,1,1,2,20,437,Advanced,Intermediate
86,1,1,3,30,581,Intermediate,Beginner
87,1,5,10,100,274,Advanced,Advanced
88,1,10,9,90,141,Beginner,Intermediate
89,4,7,9,90,145,Beginner,Intermediate
90,3,2,5,50,433,Advanced,Advanced
91,3,10,3,30,372,Intermediate,Beginner
92,1,8,2,20,414,Beginner,Beginner
93,3,4,8,80,170,Intermediate,Intermediate
94,3,3,6,60,332,Advanced,Advanced
95,1,10,10,100,265,Intermediate,Intermediate
96,3,8,7,70,390,Beginner,Intermediate
97,5,2,1,10,567,Intermediate,Beginner
98,2,3,1,10,302,Advanced,Intermediate
99,2,3,10,100,239,Beginner,Intermediate
100,1,10,2,20,414,Beginner,Beginner
101,4,1,10,100,128,Intermediate,Advanced
102,1,6,3,30,526,Intermediate,Beginner
103,4,2,1,10,450,Beginner,Beginner
104,2,1,5,50,231,Beginner,Beginner
105,1,2,3,30,415,Beginner,Beginner
106,5,6,1,10,387,Beginner,Beginner
107,3,4,8,80,181,Beginner,Intermediate
108,4,6,6,60,323,Intermediate,Intermediate
109,3,9,9,90,192,Intermediate,Advanced
110,3,10,3,30,339,Intermediate,Beginner
111,1,10,9,90,254,Intermediate,Intermediate
112,3,8,9,90,136,Beginner,Intermediate
113,5,1,1,10,418,Intermediate,Beginner
114,3,8,3,30,323,Beginner,Beginner
115,1,9,6,60,221,Beginner,Beginner
116,5,6,8,80,211,Beginner,Intermediate
117,2,10,4,40,460,Advanced,Intermediate
118,3,5,5,50,368,Beginner,Beginner
119,1,6,9,90,236,Advanced,Advanced
120,2,6,6,60,421,Beginner,Beginner
121,2,9,7,70,272,Intermediate,Intermediate
122,4,4,7,70,265,Advanced,Advanced
123,5,2,4,40,344,Beginner,Beginner
124,3,9,4,40,564,Beginner,Beginner
125,1,2,4,40,561,Advanced,Intermediate
126,4,10,5,50,270,Intermediate,Intermediate
127,5,9,5,50,338,Beginner,Beginner
128,4,2,8,80,154,Beginner,Intermediate
129,5,8,9,90,201,Advanced,Advanced
130,5,9,2,20,496,Advanced,Intermediate
131,3,10,7,70,244,Intermediate,Intermediate
132,5,9,1,10,501,Beginner,Beginner
133,4,10,1,10,572,Advanced,Intermediate
134,5,9,4,40,335,Beginner,Beginner
135,3,2,10,100,215,Intermediate,Advanced
136,3,4,7,70,240,Intermediate,Intermediate
137,4,7,2,20,317,Beginner,Beginner
138,2,2,2,20,487,Intermediate,Beginner
139,2,1,1,10,556,Advanced,Intermediate
140,5,3,10,100,261,Advanced,Advanced
141,1,4,2,20,435,Beginner,Beginner
142,5,8,7,70,413,Beginner,Intermediate
143,4,6,9,90,170,Beginner,Intermediate
144,4,2,6,60,298,Beginner,Beginner
145,4,9,10,100,155,Intermediate,Advanced
146,4,2,2,20,361,Intermediate,Beginner
147,4,5,10,100,248,Beginner,Intermediate
148,3,4,10,100,204,Beginner,Intermediate
149,2,7,9,90,161,Beginner,Intermediate
150,4,8,7,70,220,Intermediate,Intermediate
151,1,5,1,10,511,Intermediate,Beginner
152,1,10,9,90,173,Intermediate,Advanced
153,1,5,2,20,474,Intermediate,Beginner
154,1,2,4,40,399,Intermediate,Beginner
155,3,8,9,90,158,Intermediate,Advanced
156,1,2,4,40,562,Beginner,Beginner
157,4,10,3,30,449,Intermediate,Beginner
158,5,6,1,10,420,Beginner,Beginner
159,1,8,7,70,397,Beginner,Intermediate
160,3,6,6,60,264,Advanced,Advanced
161,3,4,10,100,193,Beginner,Intermediate
162,1,4,4,40,419,Intermediate,Beginner
163,5,6,6,60,291,Intermediate,Intermediate
164,1,4,6,60,438,Beginner,Beginner
165,3,8,4,40,422,Beginner,Beginner
166,2,9,6,60,337,Intermediate,Intermediate
167,4,1,10,100,194,Beginner,Intermediate
168,3,4,8,80,125,Beginner,Intermediate
169,1,4,3,30,320,Advanced,Intermediate
170,4,2,4,40,489,Intermediate,Beginner
171,1,6,10,100,266,Beginner,Intermediate
172,1,3,1,10,402,Beginner,Beginner
173,2,7,4,40,398,Intermediate,Beginner
174,4,5,10,100,181,Beginner,Intermediate
175,4,4,10,100,226,Beginner,Intermediate
176,2,5,9,90,202,Intermediate,Advanced
177,3,8,8,80,271,Beginner,Intermediate
178,1,3,4,40,355,Intermediate,Beginner
179,5,7,7,70,409,Intermediate,Intermediate
180,1,6,10,100,141,Beginner,Intermediate
181,1,1,3,30,367,Beginner,Beginner
182,3,7,9,90,129,Intermediate,Advanced
183,1,7,10,100,185,Intermediate,Advanced
184,2,1,4,40,563,Beginner,Beginner
185,2,9,2,20,524,Beginner,Beginner
186,4,6,10,100,242,Advanced,Advanced
187,5,2,5,50,257,Beginner,Beginner
188,1,5,2,20,422,Advanced,Intermediate
189,1,4,10,100,181,Beginner,Intermediate
190,3,7,6,60,375,Beginner,Beginner
191,2,8,10,100,257,Intermediate,Intermediate
192,5,1,1,10,366,Beginner,Beginner
193,4,5,6,60,356,Beginner,Beginner
194,2,3,4,40,432,Beginner,Beginner
195,4,1,3,30,439,Advanced,Intermediate
196,3,3,2,20,381,Beginner,Beginner
197,3,6,7,70,277,Intermediate,Intermediate
198,1,7,9,90,268,Intermediate,Intermediate
199,5,8,3,30,430,Intermediate,Beginner
200,4,4,6,60,288,Intermediate,Intermediate
201,2,3,9,90,208,Beginner,Intermediate
202,3,5,2,20,549,Beginner,Beginner
203,1,9,7,70,283,Beginner,Intermediate
204,1,6,5,50,396,Beginner,Beginner
205,4,9,5,50,291,Beginner,Beginner
206,3,6,7,70,236,Beginner,Beginner
207,5,2,9,90,192,Advanced,Advanced
208,3,5,4,40,459,Advanced,Intermediate
209,4,9,9,90,189,Beginner,Intermediate
210,4,8,10,100,232,Beginner,Intermediate
211,3,7,9,90,140,Beginner,Intermediate
212,4,1,4,40,434,Beginner,Beginner
213,3,4,3,30,562,Beginner,Beginner
214,2,7,2,20,410,Advanced,Intermediate
215,3,7,9,90,146,Beginner,Intermediate
216,3,6,2,20,307,Beginner,Beginner
217,4,8,6,60,420,Beginner,Beginner
218,4,6,5,50,247,Advanced,Advanced
219,1,10,5,50,426,Advanced,Advanced
220,1,3,4,40,493,Intermediate,Beginner
221,2,4,6,60,418,Intermediate,Intermediate
222,1,3,5,50,266,Beginner,Beginner
223,3,1,4,40,541,Beginner,Beginner
224,4,10,9,90,129,Intermediate,Advanced
225,1,5,6,60,333,Advanced,Advanced
226,1,1,10,100,152,Beginner,Intermediate
227,2,1,10,100,254,Beginner,Intermediate
228,2,2,10,100,250,Intermediate,Intermediate
229,3,4,3,30,569,Beginner,Beginner
230,4,6,10,100,165,Intermediate,Advanced
231,2,8,6,60,280,Beginner,Beginner
232,1,3,1,10,463,Beginner,Beginner
233,4,1,5,50,232,Intermediate,Intermediate
234,4,3,10,100,135,Advanced,Advanced
235,1,3,6,60,427,Beginner,Beginner
236,2,5,8,80,252,Beginner,Intermediate
237,1,4,9,90,157,Beginner,Intermediate
238,4,4,3,30,337,Intermediate,Beginner
239,5,9,2,20,355,Advanced,Intermediate
240,5,7,4,40,347,Beginner,Beginner
241,3,4,8,80,224,Beginner,Intermediate
242,1,3,8,80,178,Advanced,Advanced
243,1,6,3,30,376,Intermediate,Beginner
244,3,3,4,40,517,Intermediate,Beginner
245,3,6,3,30,354,Beginner,Beginner
246,3,9,10,100,174,Beginner,Intermediate
247,4,6,2,20,428,Intermediate,Beginner
248,1,4,4,40,384,Intermediate,Beginner
249,4,5,6,60,433,Intermediate,Intermediate
250,3,6,5,50,334,Beginner,Beginner
251,1,3,3,30,592,Intermediate,Beginner
252,4,8,2,20,348,Advanced,Intermediate
253,4,4,9,90,186,Advanced,Advanced
254,3,8,1,10,574,Beginner,Beginner
255,1,10,9,90,248,Intermediate,Advanced
256,3,10,1,10,328,Intermediate,Beginner
257,1,3,7,70,306,Advanced,Advanced
258,5,10,6,60,252,Advanced,Advanced
259,2,7,7,70,338,Advanced,Advanced
260,2,9,3,30,479,Advanced,Intermediate
261,2,4,3,30,450,Beginner,Beginner
262,3,8,1,10,432,Intermediate,Beginner
263,5,3,4,40,484,Intermediate,Beginner
264,1,7,2,20,433,Beginner,Beginner
265,4,3,10,100,141,Beginner,Intermediate
266,1,7,8,80,196,Beginner,Intermediate
267,4,10,3,30,503,Advanced,Intermediate
268,1,10,7,70,223,Beginner,Intermediate
269,5,6,7,70,291,Advanced,Advanced
270,4,2,9,90,278,Intermediate,Intermediate
271,3,3,6,60,384,Intermediate,Intermediate
272,1,6,1,10,427,Beginner,Beginner
273,1,4,8,80,164,Intermediate,Intermediate
274,4,6,1,10,517,Intermediate,Beginner
275,3,1,3,30,534,Beginner,Beginner
276,3,10,5,50,355,Advanced,Advanced
277,5,1,8,80,212,Intermediate,Intermediate
278,3,3,9,90,124,Beginner,Intermediate
279,3,8,7,70,375,Advanced,Advanced
280,3,8,9,90,223,Beginner,Intermediate
281,2,4,3,30,380,Intermediate,Beginner
282,5,6,5,50,306,Intermediate,Intermediate
283,1,8,10,100,256,Beginner,Intermediate
284,4,7,8,80,249,Intermediate,Intermediate
285,1,7,1,10,362,Intermediate,Beginner
286,5,4,8,80,170,Intermediate,Intermediate
287,4,9,7,70,335,Beginner,Intermediate
288,5,10,1,10,412,Beginner,Beginner
289,3,6,10,100,150,Beginner,Intermediate
290,4,3,10,100,126,Advanced,Advanced
291,3,5,6,60,377,Beginner,Beginner
292,1,5,1,10,302,Intermediate,Beginner
293,1,5,2,20,542,Advanced,Intermediate
294,4,8,5,50,275,Advanced,Advanced
295,4,9,2,20,372,Advanced,Intermediate
296,5,9,10,100,129,Advanced,Advanced
297,5,6,1,10,360,Beginner,Beginner
298,3,6,6,60,269,Beginner,Beginner
299,4,9,8,80,241,Beginner,Intermediate
300,1,4,8,80,120,Beginner,Intermediate
301,5,6,8,80,157,Intermediate,Intermediate
302,5,4,6,60,409,Beginner,Beginner
303,1,1,3,30,378,Intermediate,Beginner
304,5,7,1,10,489,Beginner,Beginner
305,3,10,2,20,483,Beginner,Beginner
306,4,6,5,50,286,Intermediate,Intermediate
307,1,9,10,100,136,Beginner,Intermediate
308,4,7,5,50,346,Intermediate,Intermediate
309,5,7,10,100,231,Advanced,Advanced
310,5,2,1,10,508,Advanced,Intermediate
311,1,9,1,10,340,Beginner,Beginner
312,3,10,9,90,259,Advanced,Advanced
313,2,9,2,20,414,Beginner,Beginner
314,1,6,7,70,319,Intermediate,Intermediate
315,2,3,10,100,236,Beginner,Intermediate
316,2,1,4,40,438,Beginner,Beginner
317,3,4,7,70,279,Advanced,Advanced
318,2,3,8,80,187,Beginner,Intermediate
319,2,1,5,50,297,Advanced,Advanced
320,3,3,1,10,593,Beginner,Beginner
321,2,4,4,40,316,Advanced,Intermediate
322,2,8,10,100,185,Advanced,Advanced
323,2,9,3,30,591,Intermediate,Beginner
324,1,3,10,100,193,Intermediate,Advanced
325,1,6,5,50,226,Intermediate,Intermediate
326,1,10,10,100,135,Advanced,Advanced
327,3,5,10,100,133,Beginner,Intermediate
328,5,6,6,60,299,Intermediate,Intermediate
329,2,4,2,20,580,Beginner,Beginner
330,2,10,7,70,324,Beginner,Intermediate
331,3,6,3,30,303,Beginner,Beginner
332,2,7,1,10,426,Intermediate,Beginner
333,1,9,10,100,175,Advanced,Advanced
334,5,10,3,30,305,Beginner,Beginner
335,4,7,9,90,248,Intermediate,Advanced
336,2,6,10,100,248,Intermediate,Advanced
337,1,1,6,60,334,Intermediate,Intermediate
338,4,2,6,60,410,Advanced,Advanced
339,5,1,4,40,494,Beginner,Beginner
340,4,9,8,80,184,Beginner,Intermediate
341,1,10,5,50,284,Beginner,Beginner
342,4,10,7,70,322,Advanced,Advanced
343,3,9,9,90,140,Advanced,Advanced
344,4,7,5,50,377,Beginner,Beginner
345,2,2,5,50,443,Beginner,Beginner
346,2,6,4,40,588,Intermediate,Beginner
347,3,4,6,60,395,Intermediate,Intermediate
348,1,1,2,20,577,Intermediate,Beginner
349,2,1,3,30,481,Advanced,Intermediate
350,5,5,1,10,303,Advanced,Intermediate
351,2,2,2,20,514,Advanced,Intermediate
352,2,4,2,20,516,Intermediate,Beginner
353,1,1,8,80,259,Beginner,Intermediate
354,4,4,8,80,193,Intermediate,Intermediate
355,2,6,2,20,526,Intermediate,Beginner
356,3,10,6,60,338,Beginner,Beginner
357,4,4,5,50,399,Beginner,Beginner
358,5,1,3,30,392,Intermediate,Beginner
359,1,7,5,50,423,Intermediate,Intermediate
360,5,2,5,50,284,Intermediate,Intermediate
361,4,9,5,50,284,Beginner,Beginner
362,4,3,3,30,309,Intermediate,Beginner
363,4,8,3,30,577,Beginner,Beginner
364,5,8,4,40,385,Intermediate,Beginner
365,4,3,7,70,245,Intermediate,Intermediate
366,5,4,2,20,517,Advanced,Intermediate
367,4,2,10,100,256,Advanced,Advanced
368,3,4,4,40,394,Intermediate,Beginner
369,4,9,4,40,543,Intermediate,Beginner
370,5,2,1,10,406,Intermediate,Beginner
371,2,3,10,100,253,Beginner,Intermediate
372,4,4,8,80,133,Intermediate,Intermediate
373,2,5,1,10,460,Intermediate,Beginner
374,3,1,8,80,190,Intermediate,Intermediate
375,1,7,7,70,371,Beginner,Intermediate
376,3,10,9,90,194,Advanced,Advanced
377,4,7,8,80,239,Beginner,Intermediate
378,2,9,5,50,434,Beginner,Beginner
379,2,4,8,80,231,Advanced,Advanced
380,5,6,10,100,170,Advanced,Advanced
381,2,2,3,30,442,Beginner,Beginner
382,5,4,10,100,155,Advanced,Advanced
383,1,2,7,70,337,Beginner,Beginner
384,4,10,4,40,466,Intermediate,Beginner
385,5,5,5,50,223,Intermediate,Intermediate
386,1,7,9,90,125,Intermediate,Advanced
387,2,1,7,70,404,Intermediate,Intermediate
388,2,10,4,40,457,Beginner,Beginner
389,1,10,6,60,329,Beginner,Beginner
390,2,7,10,100,218,Intermediate,Advanced
391,1,10,7,70,421,Beginner,Intermediate
392,5,6,10,100,241,Advanced,Advanced
393,5,6,9,90,236,Intermediate,Advanced
394,1,8,4,40,395,Beginner,Beginner
395,5,8,10,100,186,Intermediate,Advanced
396,5,6,3,30,517,Beginner,Beginner
397,5,3,8,80,134,Beginner,Intermediate
398,3,5,1,10,572,Intermediate,Beginner
399,4,2,9,90,137,Advanced,Advanced
400,2,5,1,10,446,Intermediate,Beginner
401,3,9,2,20,451,Beginner,Beginner
402,5,10,8,80,210,Intermediate,Intermediate
403,1,1,9,90,167,Beginner,Intermediate
404,5,10,7,70,377,Beginner,Intermediate
405,4,5,3,30,314,Advanced,Intermediate
406,5,6,7,70,394,Advanced,Advanced
407,1,7,6,60,342,Beginner,Beginner
408,4,9,2,20,383,Intermediate,Beginner
409,5,6,3,30,491,Advanced,Intermediate
410,4,5,10,100,160,Beginner,Intermediate
411,2,7,10,100,215,Beginner,Intermediate
412,2,1,5,50,287,Advanced,Advanced
413,5,5,10,100,124,Intermediate,Advanced
414,4,2,4,40,435,Beginner,Beginner
415,1,4,2,20,577,Beginner,Beginner
416,5,7,4,40,405,Beginner,Beginner
417,2,5,8,80,126,Intermediate,Intermediate
418,2,6,5,50,369,Advanced,Advanced
419,5,2,5,50,265,Intermediate,Intermediate
420,4,3,10,100,149,Intermediate,Advanced
421,2,7,3,30,425,Beginner,Beginner
422,4,2,8,80,220,Beginner,Intermediate
423,2,6,6,60,363,Beginner,Beginner
424,2,5,2,20,378,Advanced,Intermediate
425,3,10,2,20,366,Intermediate,Beginner
426,2,1,9,90,142,Beginner,Intermediate
427,1,10,7,70,408,Intermediate,Intermediate
428,5,4,10,100,193,Advanced,Advanced
429,5,2,9,90,124,Intermediate,Advanced
430,4,4,6,60,370,Beginner,Beginner
431,2,1,5,50,426,Beginner,Beginner
432,1,2,1,10,381,Beginner,Beginner
433,4,8,6,60,244,Advanced,Advanced
434,3,6,6,60,227,Intermediate,Intermediate
435,4,2,3,30,301,Intermediate,Beginner
436,4,6,3,30,577,Advanced,Intermediate
437,2,10,3,30,523,Advanced,Intermediate
438,3,9,3,30,371,Beginner,Beginner
439,4,7,7,70,287,Beginner,Intermediate
440,1,9,10,100,183,Intermediate,Advanced
441,1,5,2,20,393,Beginner,Beginner
442,5,7,10,100,138,Advanced,Advanced
443,3,7,10,100,247,Advanced,Advanced
444,3,3,2,20,381,Intermediate,Beginner
445,5,7,3,30,553,Beginner,Beginner
446,4,1,10,100,206,Beginner,Intermediate
447,3,9,7,70,316,Beginner,Intermediate
448,1,10,3,30,351,Advanced,Intermediate
449,1,6,7,70,394,Beginner,Beginner
450,2,5,9,90,201,Beginner,Intermediate
451,3,7,10,100,216,Beginner,Intermediate
452,4,5,4,40,414,Advanced,Intermediate
453,5,10,7,70,311,Intermediate,Intermediate
454,5,5,9,90,120,Advanced,Advanced
455,4,10,8,80,182,Advanced,Advanced
456,2,7,8,80,138,Intermediate,Intermediate
457,5,10,9,90,150,Beginner,Intermediate
458,3,7,5,50,296,Beginner,Beginner
459,2,3,5,50,340,Intermediate,Intermediate
460,3,3,3,30,323,Advanced,Intermediate
461,1,10,5,50,288,Beginner,Beginner
462,2,3,8,80,178,Beginner,Intermediate
463,5,6,5,50,333,Intermediate,Intermediate
464,2,6,4,40,459,Beginner,Beginner
465,2,3,8,80,220,Intermediate,Intermediate
466,2,3,7,70,388,Beginner,Beginner
467,2,8,6,60,231,Beginner,Beginner
468,3,8,5,50,420,Beginner,Beginner
469,1,7,5,50,338,Intermediate,Intermediate
470,4,10,10,100,258,Intermediate,Intermediate
471,2,4,2,20,396,Beginner,Beginner
472,5,4,4,40,446,Advanced,Intermediate
473,2,3,8,80,176,Beginner,Intermediate
474,5,5,8,80,161,Beginner,Intermediate
475,3,3,1,10,498,Intermediate,Beginner
476,5,8,2,20,330,Beginner,Beginner
477,4,7,5,50,399,Intermediate,Intermediate
478,1,3,9,90,121,Advanced,Advanced
479,5,9,10,100,151,Intermediate,Advanced
480,5,5,7,70,357,Intermediate,Intermediate
481,1,9,10,100,224,Intermediate,Advanced
482,4,7,5,50,355,Beginner,Beginner
483,2,7,1,10,517,Intermediate,Beginner
484,5,6,6,60,441,Beginner,Beginner
485,1,2,8,80,194,Advanced,Advanced
486,3,9,7,70,324,Beginner,Intermediate
487,1,6,2,20,426,Intermediate,Beginner
488,3,8,5,50,228,Advanced,Advanced
489,4,1,4,40,499,Advanced,Intermediate
490,2,5,9,90,134,Advanced,Advanced
491,1,1,10,100,216,Intermediate,Advanced
492,5,10,1,10,404,Beginner,Beginner
493,4,8,6,60,282,Advanced,Advanced
494,1,8,3,30,518,Beginner,Beginner
495,5,1,9,90,140,Beginner,Intermediate
496,1,9,5,50,224,Intermediate,Intermediate
497,3,2,6,60,344,Intermediate,Intermediate
498,1,9,9,90,204,Advanced,Advanced
499,1,1,9,90,232,Advanced,Advanced
500,1,10,8,80,199,Advanced,Advanced
501,4,9,9,90,235,Beginner,Intermediate
502,1,4,4,40,497,Intermediate,Beginner
503,5,9,6,60,316,Advanced,Advanced
504,3,7,5,50,240,Advanced,Advanced
505,3,6,5,50,299,Beginner,Beginner
506,1,5,4,40,338,Beginner,Beginner
507,4,9,2,20,461,Advanced,Intermediate
508,4,2,6,60,340,Beginner,Beginner
509,5,2,9,90,243,Intermediate,Advanced
510,1,9,1,10,561,Beginner,Beginner
511,3,3,7,70,413,Intermediate,Intermediate
512,4,8,6,60,435,Intermediate,Intermediate
513,1,9,3,30,348,Beginner,Beginner
514,4,8,1,10,391,Intermediate,Beginner
515,4,4,4,40,428,Beginner,Beginner
516,3,1,9,90,184,Beginner,Intermediate
517,2,4,2,20,327,Beginner,Beginner
518,5,9,3,30,447,Intermediate,Beginner
519,5,2,2,20,364,Beginner,Beginner
520,3,3,2,20,517,Intermediate,Beginner
521,4,10,10,100,170,Intermediate,Advanced
522,1,8,8,80,168,Intermediate,Intermediate
523,4,6,3,30,373,Intermediate,Beginner
524,3,8,7,70,423,Intermediate,Intermediate
525,5,7,8,80,131,Beginner,Intermediate
526,4,5,3,30,538,Intermediate,Beginner
527,5,9,2,20,380,Beginner,Beginner
528,1,4,8,80,246,Advanced,Advanced
529,5,6,3,30,569,Advanced,Intermediate
530,5,2,7,70,253,Beginner,Beginner
531,2,2,1,10,347,Intermediate,Beginner
532,2,2,6,60,280,Advanced,Advanced
533,2,10,9,90,154,Beginner,Intermediate
534,5,7,3,30,418,Intermediate,Beginner
535,3,2,7,70,284,Beginner,Beginner
536,5,2,6,60,278,Intermediate,Intermediate
537,3,9,8,80,155,Advanced,Advanced
538,3,7,3,30,551,Intermediate,Beginner
539,2,3,3,30,542,Intermediate,Beginner
540,4,3,4,40,341,Advanced,Intermediate
541,1,7,3,30,368,Intermediate,Beginner
542,2,5,9,90,266,Intermediate,Intermediate
543,2,10,4,40,406,Intermediate,Beginner
544,4,6,6,60,258,Intermediate,Intermediate
545,1,8,8,80,188,Advanced,Advanced
546,5,9,8,80,131,Advanced,Advanced
547,5,1,5,50,302,Advanced,Advanced
548,2,3,5,50,394,Intermediate,Intermediate
549,1,7,6,60,423,Beginner,Beginner
550,2,6,10,100,155,Advanced,Advanced
551,3,7,7,70,345,Intermediate,Intermediate
552,2,8,10,100,182,Advanced,Advanced
553,2,6,7,70,295,Beginner,Beginner
554,5,3,4,40,381,Advanced,Intermediate
555,5,2,6,60,270,Beginner,Beginner
556,5,7,7,70,262,Beginner,Intermediate
557,3,1,5,50,253,Intermediate,Intermediate
558,5,3,5,50,316,Intermediate,Intermediate
559,1,4,2,20,348,Beginner,Beginner
560,4,1,7,70,365,Intermediate,Intermediate
561,1,5,6,60,344,Beginner,Beginner
562,1,10,1,10,488,Beginner,Beginner
563,5,3,4,40,356,Beginner,Beginner
564,4,2,3,30,408,Advanced,Intermediate
565,4,3,3,30,304,Beginner,Beginner
566,4,8,7,70,436,Beginner,Intermediate
567,3,6,10,100,143,Intermediate,Advanced
568,5,7,4,40,520,Intermediate,Beginner
569,4,6,8,80,178,Advanced,Advanced
570,3,6,9,90,157,Advanced,Advanced
571,2,3,3,30,309,Advanced,Intermediate
572,2,8,5,50,384,Beginner,Beginner
573,3,7,4,40,514,Intermediate,Beginner
574,3,7,10,100,245,Intermediate,Advanced
575,5,6,6,60,230,Beginner,Beginner
576,5,5,10,100,143,Beginner,Intermediate
577,2,10,4,40,387,Intermediate,Beginner
578,4,8,8,80,233,Beginner,Intermediate
579,2,5,3,30,320,Advanced,Intermediate
580,4,9,5,50,367,Advanced,Advanced
581,4,9,1,10,544,Beginner,Beginner
582,5,1,6,60,229,Beginner,Beginner
583,1,6,5,50,436,Advanced,Advanced
584,1,7,8,80,262,Beginner,Intermediate
585,3,3,9,90,253,Advanced,Advanced
586,5,7,8,80,185,Intermediate,Intermediate
587,4,7,8,80,241,Advanced,Advanced
588,1,2,3,30,578,Intermediate,Beginner
589,4,7,4,40,568,Beginner,Beginner
590,1,1,4,40,508,Beginner,Beginner
591,1,5,5,50,378,Intermediate,Intermediate
592,1,9,9,90,135,Advanced,Advanced
593,5,7,9,90,160,Beginner,Intermediate
594,2,7,10,100,120,Intermediate,Advanced
595,4,2,1,10,567,Beginner,Beginner
596,5,8,8,80,238,Advanced,Advanced
597,5,3,1,10,477,Advanced,Intermediate
598,5,8,2,20,319,Beginner,Beginner
599,5,3,7,70,413,Beginner,Beginner
600,5,10,8,80,155,Beginner,Intermediate
601,3,7,1,10,407,Intermediate,Beginner
602,4,2,3,30,488,Intermediate,Beginner
603,5,4,7,70,397,Beginner,Beginner
604,4,6,9,90,215,Advanced,Advanced
605,3,9,8,80,178,Intermediate,Intermediate
606,3,5,8,80,139,Intermediate,Intermediate
607,4,9,9,90,245,Beginner,Intermediate
608,1,5,10,100,216,Beginner,Intermediate
609,2,10,3,30,442,Intermediate,Beginner
610,1,8,8,80,181,Intermediate,Intermediate
611,1,1,1,10,541,Intermediate,Beginner
612,1,7,8,80,250,Advanced,Advanced
613,5,4,7,70,312,Intermediate,Intermediate
614,3,5,8,80,210,Beginner,Intermediate
615,1,6,1,10,432,Advanced,Intermediate
616,3,5,6,60,342,Intermediate,Intermediate
617,4,1,7,70,403,Beginner,Beginner
618,2,9,5,50,378,Beginner,Beginner
619,4,2,5,50,305,Advanced,Advanced
620,4,9,7,70,382,Advanced,Advanced
621,5,10,3,30,417,Beginner,Beginner
622,2,2,6,60,418,Beginner,Beginner
623,4,9,7,70,417,Intermediate,Intermediate
624,4,6,1,10,581,Advanced,Intermediate
625,2,9,2,20,300,Beginner,Beginner
626,2,6,4,40,510,Advanced,Intermediate
627,4,6,8,80,126,Beginner,Intermediate
628,2,2,10,100,195,Beginner,Intermediate
629,4,8,6,60,431,Beginner,Beginner
630,4,3,1,10,386,Beginner,Beginner
631,5,7,10,100,272,Beginner,Intermediate
632,1,5,5,50,313,Advanced,Advanced
633,4,3,7,70,406,Beginner,Beginner
634,3,1,6,60,280,Beginner,Beginner
635,1,8,9,90,148,Beginner,Intermediate
636,1,3,8,80,214,Advanced,Advanced
637,1,2,4,40,573,Advanced,Intermediate
638,5,1,5,50,260,Beginner,Beginner
639,4,4,7,70,366,Intermediate,Intermediate
640,5,8,8,80,251,Beginner,Intermediate
641,4,3,5,50,412,Intermediate,Intermediate
642,5,1,9,90,160,Beginner,Intermediate
643,5,4,10,100,242,Intermediate,Advanced
644,3,9,4,40,442,Intermediate,Beginner
645,5,1,4,40,481,Intermediate,Beginner
646,2,2,8,80,262,Beginner,Intermediate
647,3,9,1,10,506,Beginner,Beginner
648,5,2,8,80,141,Intermediate,Intermediate
649,1,3,5,50,365,Intermediate,Intermediate
650,2,7,1,10,379,Beginner,Beginner
651,2,3,4,40,429,Advanced,Intermediate
652,2,9,2,20,591,Intermediate,Beginner
653,3,6,4,40,575,Beginner,Beginner
654,5,3,8,80,263,Beginner,Intermediate
655,5,9,5,50,286,Advanced,Advanced
656,1,1,1,10,354,Beginner,Beginner
657,1,10,7,70,285,Advanced,Advanced
658,2,3,1,10,526,Intermediate,Beginner
659,1,1,9,90,145,Beginner,Intermediate
660,3,2,3,30,552,Intermediate,Beginner
661,5,8,3,30,496,Beginner,Beginner
662,2,7,6,60,349,Beginner,Beginner
663,1,2,10,100,175,Beginner,Intermediate
664,3,2,6,60,431,Advanced,Advanced
665,3,9,6,60,409,Intermediate,Intermediate
666,1,6,1,10,589,Beginner,Beginner
667,5,5,5,50,445,Beginner,Beginner
668,1,10,6,60,275,Intermediate,Intermediate
669,2,6,8,80,174,Beginner,Intermediate
670,1,9,1,10,575,Beginner,Beginner
671,3,7,5,50,269,Beginner,Beginner
672,1,10,3,30,452,Intermediate,Beginner
673,5,10,2,20,352,Beginner,Beginner
674,4,9,8,80,261,Intermediate,Intermediate
675,1,4,7,70,407,Intermediate,Intermediate
676,5,2,10,100,230,Advanced,Advanced
677,5,8,7,70,390,Advanced,Advanced
678,3,4,5,50,409,Intermediate,Intermediate
679,5,9,9,90,231,Intermediate,Advanced
680,5,4,5,50,288,Advanced,Advanced
681,5,8,2,20,557,Intermediate,Beginner
682,5,9,3,30,315,Intermediate,Beginner
683,2,9,4,40,465,Beginner,Beginner
684,2,10,5,50,264,Advanced,Advanced
685,3,4,3,30,579,Beginner,Beginner
686,1,1,7,70,334,Beginner,Beginner
687,5,3,5,50,377,Intermediate,Intermediate
688,1,9,5,50,384,Advanced,Advanced
689,1,4,6,60,342,Intermediate,Intermediate
690,3,5,7,70,400,Advanced,Advanced
691,5,7,10,100,258,Advanced,Advanced
692,5,5,10,100,197,Intermediate,Advanced
693,4,4,8,80,270,Intermediate,Intermediate
694,1,2,9,90,236,Intermediate,Advanced
695,1,2,4,40,349,Advanced,Intermediate
696,2,4,5,50,304,Intermediate,Intermediate
697,4,10,5,50,402,Advanced,Advanced
698,2,10,8,80,123,Beginner,Intermediate
699,2,9,9,90,180,Beginner,Intermediate
700,2,8,7,70,330,Beginner,Intermediate
701,3,3,5,50,297,Intermediate,Intermediate
702,3,9,3,30,550,Advanced,Intermediate
703,2,5,1,10,432,Beginner,Beginner
704,4,3,9,90,219,Beginner,Intermediate
705,1,5,5,50,442,Beginner,Beginner
706,4,10,9,90,265,Intermediate,Intermediate
707,5,4,10,100,150,Beginner,Intermediate
708,3,8,4,40,418,Beginner,Beginner
709,1,5,5,50,313,Advanced,Advanced
710,1,10,4,40,474,Beginner,Beginner
711,5,8,2,20,329,Intermediate,Beginner
712,5,9,1,10,354,Intermediate,Beginner
713,2,4,8,80,224,Intermediate,Intermediate
714,3,7,4,40,495,Beginner,Beginner
715,3,2,5,50,416,Advanced,Advanced
716,4,6,6,60,260,Intermediate,Intermediate
717,2,8,8,80,193,Beginner,Intermediate
718,2,7,8,80,277,Beginner,Intermediate
719,2,7,7,70,296,Beginner,Intermediate
720,2,8,4,40,527,Advanced,Intermediate
721,3,7,6,60,304,Intermediate,Intermediate
722,3,5,4,40,472,Beginner,Beginner
723,2,7,7,70,323,Beginner,Intermediate
724,4,10,1,10,472,Advanced,Intermediate
725,1,3,5,50,298,Advanced,Advanced
726,1,5,10,100,203,Intermediate,Advanced
727,4,7,10,100,252,Intermediate,Intermediate
728,2,9,4,40,587,Advanced,Intermediate
729,3,2,7,70,225,Intermediate,Intermediate
730,1,4,9,90,213,Intermediate,Advanced
731,5,7,5,50,245,Beginner,Beginner
732,5,1,4,40,592,Advanced,Intermediate
733,4,2,9,90,132,Beginner,Intermediate
734,2,9,5,50,312,Beginner,Beginner
735,1,10,9,90,144,Advanced,Advanced
736,2,7,8,80,260,Intermediate,Intermediate
737,1,10,4,40,522,Advanced,Intermediate
738,4,7,7,70,239,Intermediate,Intermediate
739,4,6,5,50,291,Advanced,Advanced
740,5,3,10,100,268,Beginner,Intermediate
741,2,10,4,40,414,Intermediate,Beginner
742,5,3,5,50,346,Beginner,Beginner
743,2,2,5,50,408,Beginner,Beginner
744,5,6,9,90,145,Beginner,Intermediate
745,3,4,9,90,173,Intermediate,Advanced
746,3,5,6,60,389,Beginner,Beginner
747,3,3,4,40,310,Intermediate,Beginner
748,3,6,2,20,326,Beginner,Beginner
749,1,3,3,30,382,Beginner,Beginner
750,3,8,2,20,589,Intermediate,Beginner
751,4,9,5,50,257,Advanced,Advanced
752,4,4,6,60,408,Beginner,Beginner
753,1,9,5,50,306,Intermediate,Intermediate
754,3,7,2,20,455,Advanced,Intermediate
755,3,3,5,50,361,Intermediate,Intermediate
756,3,7,9,90,171,Intermediate,Advanced
757,5,1,4,40,585,Beginner,Beginner
758,2,3,10,100,232,Intermediate,Advanced
759,5,6,2,20,442,Beginner,Beginner
760,2,4,3,30,505,Intermediate,Beginner
761,3,7,3,30,441,Advanced,Intermediate
762,3,3,9,90,127,Intermediate,Advanced
763,5,1,4,40,371,Beginner,Beginner
764,5,9,1,10,587,Advanced,Intermediate
765,2,6,1,10,394,Intermediate,Beginner
766,4,8,7,70,376,Advanced,Advanced
767,2,3,7,70,260,Intermediate,Intermediate
768,5,8,2,20,568,Beginner,Beginner
769,5,2,9,90,274,Intermediate,Intermediate
770,1,4,9,90,138,Intermediate,Advanced
771,5,3,5,50,373,Beginner,Beginner
772,1,10,3,30,352,Intermediate,Beginner
773,4,1,3,30,478,Intermediate,Beginner
774,2,7,3,30,539,Intermediate,Beginner
775,2,10,6,60,356,Beginner,Beginner
776,1,2,4,40,554,Intermediate,Beginner
777,2,4,8,80,122,Beginner,Intermediate
778,5,9,5,50,315,Intermediate,Intermediate
779,3,6,1,10,496,Beginner,Beginner
780,1,8,9,90,255,Beginner,Intermediate
781,2,2,1,10,313,Beginner,Beginner
782,1,7,6,60,339,Beginner,Beginner
783,1,6,1,10,568,Intermediate,Beginner
784,3,9,3,30,470,Advanced,Intermediate
785,5,7,10,100,276,Intermediate,Intermediate
786,1,1,5,50,291,Intermediate,Intermediate
787,2,8,10,100,278,Advanced,Advanced
788,4,10,7,70,410,Advanced,Advanced
789,1,3,10,100,273,Advanced,Advanced
790,1,2,8,80,265,Beginner,Intermediate
791,3,3,9,90,201,Intermediate,Advanced
792,5,6,6,60,276,Advanced,Advanced
793,4,3,9,90,126,Advanced,Advanced
794,2,10,8,80,231,Intermediate,Intermediate
795,4,5,9,90,167,Beginner,Intermediate
796,2,6,10,100,199,Advanced,Advanced
797,5,8,4,40,332,Intermediate,Beginner
798,2,7,9,90,234,Beginner,Intermediate
799,3,8,7,70,347,Beginner,Intermediate
800,3,3,5,50,222,Intermediate,Intermediate
801,3,4,5,50,449,Beginner,Beginner
802,3,6,1,10,303,Beginner,Beginner
803,4,7,2,20,559,Advanced,Intermediate
804,5,9,10,100,161,Beginner,Intermediate
805,2,1,3,30,308,Intermediate,Beginner
806,2,8,8,80,170,Advanced,Advanced
807,3,8,6,60,364,Intermediate,Intermediate
808,3,6,10,100,264,Beginner,Intermediate
809,1,4,5,50,316,Intermediate,Intermediate
810,5,3,1,10,575,Beginner,Beginner
811,4,3,9,90,261,Beginner,Intermediate
812,2,6,3,30,577,Intermediate,Beginner
813,1,8,3,30,326,Advanced,Intermediate
814,1,7,2,20,342,Intermediate,Beginner
815,2,1,4,40,430,Beginner,Beginner
816,4,6,2,20,515,Intermediate,Beginner
817,1,7,9,90,213,Beginner,Intermediate
818,1,7,10,100,127,Intermediate,Advanced
819,5,9,7,70,305,Beginner,Intermediate
820,4,10,8,80,208,Advanced,Advanced
821,1,5,3,30,437,Beginner,Beginner
822,4,1,6,60,332,Beginner,Beginner
823,2,2,10,100,276,Intermediate,Intermediate
824,3,4,6,60,387,Beginner,Beginner
825,1,5,1,10,545,Intermediate,Beginner
826,5,9,6,60,412,Advanced,Advanced
827,2,1,3,30,320,Beginner,Beginner
828,4,3,3,30,564,Beginner,Beginner
829,2,5,3,30,447,Advanced,Intermediate
830,1,3,10,100,155,Intermediate,Advanced
831,4,4,10,100,155,Advanced,Advanced
832,3,3,8,80,192,Beginner,Intermediate
833,2,4,5,50,369,Beginner,Beginner
834,1,1,4,40,300,Beginner,Beginner
835,5,8,9,90,188,Beginner,Intermediate
836,4,4,9,90,156,Intermediate,Advanced
837,2,7,1,10,529,Beginner,Beginner
838,2,2,2,20,510,Intermediate,Beginner
839,3,2,8,80,191,Beginner,Intermediate
840,3,6,5,50,326,Advanced,Advanced
841,5,2,7,70,315,Beginner,Beginner
842,5,6,1,10,383,Beginner,Beginner
843,1,2,10,100,162,Intermediate,Advanced
844,1,4,5,50,256,Beginner,Beginner
845,5,7,3,30,521,Intermediate,Beginner
846,5,8,10,100,144,Intermediate,Advanced
847,4,3,2,20,520,Advanced,Intermediate
848,3,9,2,20,515,Intermediate,Beginner
849,1,2,9,90,268,Intermediate,Intermediate
850,3,8,4,40,468,Advanced,Intermediate
851,3,8,4,40,341,Advanced,Intermediate
852,5,4,7,70,221,Intermediate,Intermediate
853,4,1,10,100,255,Intermediate,Intermediate
854,2,1,10,100,215,Intermediate,Advanced
855,4,2,2,20,313,Beginner,Beginner
856,4,9,3,30,412,Advanced,Intermediate
857,3,2,3,30,376,Intermediate,Beginner
858,4,2,6,60,240,Beginner,Beginner
859,1,6,3,30,459,Beginner,Beginner
860,3,7,5,50,276,Beginner,Beginner
861,1,7,4,40,418,Beginner,Beginner
862,2,9,3,30,460,Beginner,Beginner
863,3,6,8,80,171,Intermediate,Intermediate
864,2,8,10,100,214,Beginner,Intermediate
865,3,6,3,30,445,Intermediate,Beginner
866,5,2,6,60,382,Beginner,Beginner
867,4,1,7,70,359,Beginner,Beginner
868,5,5,7,70,398,Intermediate,Intermediate
869,2,9,2,20,388,Advanced,Intermediate
870,4,8,3,30,522,Intermediate,Beginner
871,3,4,10,100,129,Intermediate,Advanced
872,4,5,10,100,171,Intermediate,Advanced
873,1,5,4,40,333,Beginner,Beginner
874,4,6,7,70,334,Beginner,Beginner
875,1,3,2,20,466,Beginner,Beginner
876,4,5,3,30,424,Intermediate,Beginner
877,1,2,7,70,443,Intermediate,Intermediate
878,2,10,7,70,376,Intermediate,Intermediate
879,5,1,10,100,269,Beginner,Intermediate
880,3,1,3,30,488,Advanced,Intermediate
881,4,10,1,10,342,Beginner,Beginner
882,5,7,3,30,328,Beginner,Beginner
883,3,2,5,50,325,Beginner,Beginner
884,3,4,7,70,339,Intermediate,Intermediate
885,1,5,4,40,330,Beginner,Beginner
886,2,7,1,10,480,Intermediate,Beginner
887,2,2,6,60,381,Advanced,Advanced
888,5,6,2,20,427,Beginner,Beginner
889,2,1,3,30,554,Intermediate,Beginner
890,4,7,4,40,593,Beginner,Beginner
891,2,9,6,60,404,Beginner,Beginner
892,5,5,6,60,320,Beginner,Beginner
893,2,5,7,70,351,Advanced,Advanced
894,4,4,5,50,349,Intermediate,Intermediate
895,1,3,7,70,231,Advanced,Advanced
896,5,9,2,20,334,Beginner,Beginner
897,1,5,1,10,497,Advanced,Intermediate
898,1,8,10,100,229,Advanced,Advanced
899,1,9,8,80,191,Intermediate,Intermediate
900,3,5,1,10,544,Advanced,Intermediate
901,3,10,2,20,549,Beginner,Beginner
902,1,9,10,100,229,Intermediate,Advanced
903,5,2,6,60,280,Intermediate,Intermediate
904,4,9,1,10,462,Intermediate,Beginner
905,4,4,10,100,167,Advanced,Advanced
906,2,6,3,30,370,Beginner,Beginner
907,5,6,7,70,362,Beginner,Beginner
908,3,6,8,80,253,Beginner,Intermediate
909,1,2,4,40,538,Advanced,Intermediate
910,2,7,3,30,367,Advanced,Intermediate
911,4,6,1,10,577,Intermediate,Beginner
912,3,1,9,90,151,Intermediate,Advanced
913,3,2,10,100,242,Intermediate,Advanced
914,1,7,6,60,241,Intermediate,Intermediate
915,4,1,6,60,374,Beginner,Beginner
916,5,1,9,90,229,Intermediate,Advanced
917,3,1,1,10,570,Intermediate,Beginner
918,1,8,6,60,343,Intermediate,Intermediate
919,5,4,5,50,263,Beginner,Beginner
920,4,4,6,60,334,Advanced,Advanced
921,3,2,8,80,128,Advanced,Advanced
922,5,1,5,50,253,Intermediate,Intermediate
923,5,10,2,20,527,Intermediate,Beginner
924,5,9,2,20,372,Intermediate,Beginner
925,3,7,10,100,262,Intermediate,Intermediate
926,3,4,5,50,409,Beginner,Beginner
927,2,6,3,30,511,Advanced,Intermediate
928,4,2,10,100,191,Intermediate,Advanced
929,1,7,3,30,357,Intermediate,Beginner
930,5,2,8,80,234,Intermediate,Intermediate
931,2,10,7,70,238,Intermediate,Intermediate
932,1,8,1,10,548,Advanced,Intermediate
933,2,8,5,50,235,Intermediate,Intermediate
934,3,1,9,90,194,Advanced,Advanced
935,5,8,4,40,405,Intermediate,Beginner
936,1,2,1,10,435,Advanced,Intermediate
937,1,6,8,80,193,Advanced,Advanced
938,1,1,5,50,237,Beginner,Beginner
939,1,5,2,20,342,Advanced,Intermediate
940,1,7,1,10,349,Intermediate,Beginner
941,2,10,3,30,302,Advanced,Intermediate
942,5,1,9,90,178,Intermediate,Advanced
943,3,2,1,10,583,Beginner,Beginner
944,3,7,4,40,363,Beginner,Beginner
945,3,6,8,80,189,Intermediate,Intermediate
946,3,3,8,80,166,Advanced,Advanced
947,2,10,10,100,261,Intermediate,Intermediate
948,4,2,8,80,254,Beginner,Intermediate
949,5,10,10,100,278,Intermediate,Intermediate
950,1,4,8,80,225,Intermediate,Intermediate
951,4,3,4,40,545,Beginner,Beginner
952,3,7,8,80,200,Beginner,Intermediate
953,4,8,9,90,170,Beginner,Intermediate
954,5,2,7,70,248,Beginner,Beginner
955,1,10,2,20,503,Beginner,Beginner
956,1,7,9,90,144,Beginner,Intermediate
957,5,8,8,80,160,Advanced,Advanced
958,5,6,5,50,288,Beginner,Beginner
959,3,6,3,30,303,Beginner,Beginner
960,1,10,7,70,324,Beginner,Intermediate
961,4,1,2,20,330,Intermediate,Beginner
962,2,4,3,30,416,Intermediate,Beginner
963,2,1,9,90,209,Beginner,Intermediate
964,5,4,4,40,477,Intermediate,Beginner
965,3,2,4,40,444,Intermediate,Beginner
966,2,5,3,30,501,Beginner,Beginner
967,1,10,5,50,285,Intermediate,Intermediate
968,5,9,3,30,502,Intermediate,Beginner
969,4,10,9,90,143,Beginner,Intermediate
970,5,3,3,30,404,Intermediate,Beginner
971,4,8,2,20,574,Advanced,Intermediate
972,5,3,5,50,285,Intermediate,Intermediate
973,5,6,6,60,279,Beginner,Beginner
974,5,4,1,10,314,Advanced,Intermediate
975,4,8,6,60,304,Intermediate,Intermediate
976,4,6,10,100,274,Beginner,Intermediate
977,5,8,3,30,562,Intermediate,Beginner
978,2,1,4,40,305,Intermediate,Beginner
979,3,6,6,60,344,Advanced,Advanced
980,3,1,8,80,152,Beginner,Intermediate
981,3,1,9,90,177,Beginner,Intermediate
982,4,8,6,60,396,Intermediate,Intermediate
983,4,7,7,70,364,Advanced,Advanced
984,2,3,5,50,329,Beginner,Beginner
985,3,6,9,90,161,Advanced,Advanced
986,3,9,4,40,499,Intermediate,Beginner
987,5,7,10,100,248,Advanced,Advanced
988,4,3,6,60,298,Intermediate,Intermediate
989,3,6,5,50,314,Beginner,Beginner
990,2,4,1,10,516,Intermediate,Beginner
991,2,3,5,50,330,Advanced,Advanced
992,3,9,5,50,316,Beginner,Beginner
993,4,10,9,90,238,Intermediate,Advanced
994,2,2,1,10,527,Beginner,Beginner
995,5,1,5,50,364,Beginner,Beginner
996,2,2,7,70,400,Advanced,Advanced
997,1,7,6,60,271,Beginner,Beginner
998,1,10,6,60,361,Advanced,Advanced
999,4,1,7,70,341,Intermediate,Intermediate
1000,3,6,6,60,248,Advanced,Advanced
1001,4,7,5,50,355,Beginner,Beginner
1002,4,9,10,100,223,Beginner,Intermediate
1003,4,8,5,50,220,Beginner,Beginner
1004,4,6,9,90,148,Advanced,Advanced
1005,5,3,8,80,188,Intermediate,Intermediate
1006,5,8,10,100,172,Beginner,Intermediate
1007,2,7,4,40,523,Advanced,Intermediate
1008,1,3,4,40,423,Advanced,Intermediate
1009,4,9,10,100,207,Advanced,Advanced
1010,2,2,5,50,302,Beginner,Beginner
1011,1,3,3,30,311,Beginner,Beginner
1012,3,2,8,80,171,Intermediate,Intermediate
1013,5,1,7,70,348,Intermediate,Intermediate
1014,1,4,5,50,354,Beginner,Beginner
1015,3,5,10,100,264,Beginner,Intermediate
1016,1,6,3,30,426,Advanced,Intermediate
1017,5,5,5,50,445,Beginner,Beginner
1018,5,1,3,30,370,Intermediate,Beginner
1019,2,3,10,100,136,Intermediate,Advanced
1020,4,1,5,50,406,Intermediate,Intermediate
1021,1,5,1,10,302,Intermediate,Beginner
1022,1,5,6,60,248,Intermediate,Intermediate
1023,3,6,10,100,141,Beginner,Intermediate
1024,5,8,4,40,465,Advanced,Intermediate
1025,1,10,4,40,545,Beginner,Beginner
1026,5,1,8,80,188,Advanced,Advanced
1027,1,4,2,20,457,Intermediate,Beginner
1028,2,10,4,40,450,Intermediate,Beginner
1029,4,1,2,20,512,Beginner,Beginner
1030,1,9,1,10,517,Beginner,Beginner
1031,5,7,10,100,166,Intermediate,Advanced
1032,2,7,3,30,575,Beginner,Beginner
1033,1,5,8,80,270,Advanced,Advanced
1034,3,7,6,60,415,Advanced,Advanced
1035,4,2,7,70,368,Beginner,Beginner
1036,1,4,2,20,320,Beginner,Beginner
1037,2,7,6,60,220,Intermediate,Intermediate
1038,3,3,8,80,262,Advanced,Advanced
1039,2,2,8,80,136,Intermediate,Intermediate
1040,2,10,4,40,350,Beginner,Beginner
1041,3,2,6,60,410,Intermediate,Intermediate
1042,2,1,5,50,233,Beginner,Beginner
1043,3,5,9,90,178,Beginner,Intermediate
1044,1,6,8,80,202,Beginner,Intermediate
1045,3,6,2,20,423,Intermediate,Beginner
1046,3,9,7,70,253,Beginner,Intermediate
1047,4,4,7,70,225,Intermediate,Intermediate
1048,3,1,1,10,348,Advanced,Intermediate
1049,3,6,1,10,305,Intermediate,Beginner
1050,1,5,4,40,416,Intermediate,Beginner
1051,4,10,5,50,337,Beginner,Beginner
1052,5,6,4,40,562,Intermediate,Beginner
1053,1,3,7,70,316,Beginner,Beginner
1054,1,2,3,30,428,Intermediate,Beginner
1055,5,6,7,70,360,Beginner,Beginner
1056,3,1,8,80,146,Beginner,Intermediate
1057,2,7,6,60,418,Beginner,Beginner
1058,4,7,6,60,335,Beginner,Beginner
1059,2,10,8,80,250,Intermediate,Intermediate
1060,5,7,8,80,177,Intermediate,Intermediate
1061,1,10,7,70,308,Beginner,Intermediate
1062,1,1,6,60,316,Intermediate,Intermediate
1063,4,4,6,60,236,Intermediate,Intermediate
1064,1,7,10,100,220,Intermediate,Advanced
1065,1,9,6,60,405,Advanced,Advanced
1066,4,5,8,80,148,Beginner,Intermediate
1067,4,2,1,10,401,Beginner,Beginner
1068,5,7,5,50,342,Intermediate,Intermediate
1069,1,10,3,30,353,Advanced,Intermediate
1070,1,1,8,80,146,Intermediate,Intermediate
1071,5,7,6,60,321,Advanced,Advanced
1072,3,6,2,20,416,Advanced,Intermediate
1073,3,7,7,70,323,Intermediate,Intermediate
1074,3,10,7,70,264,Intermediate,Intermediate
1075,5,3,5,50,333,Intermediate,Intermediate
1076,1,3,8,80,206,Intermediate,Intermediate
1077,5,7,5,50,250,Intermediate,Intermediate
1078,5,2,1,10,463,Intermediate,Beginner
1079,3,1,9,90,156,Intermediate,Advanced
1080,2,9,4,40,494,Beginner,Beginner
1081,1,9,2,20,591,Advanced,Intermediate
1082,3,7,4,40,560,Intermediate,Beginner
1083,2,7,9,90,171,Advanced,Advanced
1084,2,3,2,20,348,Intermediate,Beginner
1085,4,10,4,40,305,Beginner,Beginner
1086,1,2,2,20,523,Beginner,Beginner
1087,2,7,5,50,242,Advanced,Advanced
1088,3,9,3,30,444,Beginner,Beginner
1089,4,1,10,100,229,Advanced,Advanced
1090,1,4,2,20,511,Beginner,Beginner
1091,5,6,9,90,163,Advanced,Advanced
1092,3,7,5,50,260,Advanced,Advanced
1093,2,10,10,100,262,Advanced,Advanced
1094,2,7,5,50,391,Beginner,Beginner
1095,3,10,1,10,485,Intermediate,Beginner
1096,2,2,6,60,433,Beginner,Beginner
1097,4,4,7,70,269,Beginner,Beginner
1098,1,5,1,10,351,Beginner,Beginner
1099,4,1,9,90,189,Intermediate,Advanced
1100,2,1,8,80,270,Beginner,Intermediate
1101,5,10,8,80,228,Advanced,Advanced
1102,1,3,7,70,430,Beginner,Beginner
1103,1,10,5,50,337,Beginner,Beginner
1104,3,3,3,30,394,Beginner,Beginner
1105,3,8,9,90,163,Advanced,Advanced
1106,5,9,7,70,399,Beginner,Intermediate
1107,1,1,10,100,186,Advanced,Advanced
1108,5,2,10,100,275,Intermediate,Intermediate
1109,3,10,8,80,186,Advanced,Advanced
1110,3,2,6,60,425,Beginner,Beginner
1111,1,4,5,50,237,Intermediate,Intermediate
1112,4,2,8,80,274,Intermediate,Intermediate
1113,2,7,3,30,478,Advanced,Intermediate
1114,3,9,7,70,279,Intermediate,Intermediate
1115,3,7,2,20,373,Advanced,Intermediate
1116,4,6,3,30,348,Beginner,Beginner
1117,4,10,2,20,570,Intermediate,Beginner
1118,5,1,5,50,430,Beginner,Beginner
1119,5,10,7,70,292,Beginner,Intermediate
1120,2,9,10,100,262,Beginner,Intermediate
1121,2,5,10,100,167,Advanced,Advanced
1122,1,5,1,10,371,Advanced,Intermediate
1123,5,6,10,100,232,Beginner,Intermediate
1124,3,9,9,90,248,Advanced,Advanced
1125,5,8,1,10,458,Intermediate,Beginner
1126,3,8,1,10,573,Intermediate,Beginner
1127,4,8,10,100,131,Beginner,Intermediate
1128,5,1,8,80,167,Intermediate,Intermediate
1129,4,1,6,60,249,Beginner,Beginner
1130,2,8,6,60,316,Beginner,Beginner
1131,2,5,9,90,126,Intermediate,Advanced
1132,1,9,4,40,391,Advanced,Intermediate
1133,5,2,8,80,232,Intermediate,Intermediate
1134,4,9,4,40,558,Advanced,Intermediate
1135,3,8,2,20,406,Advanced,Intermediate
1136,2,9,8,80,182,Beginner,Intermediate
1137,2,4,7,70,353,Beginner,Beginner
1138,3,1,4,40,570,Intermediate,Beginner
1139,4,1,9,90,210,Advanced,Advanced
1140,4,5,9,90,200,Advanced,Advanced
1141,5,2,8,80,265,Advanced,Advanced
1142,5,8,1,10,360,Intermediate,Beginner
1143,1,10,7,70,339,Advanced,Advanced
1144,2,5,5,50,280,Beginner,Beginner
1145,5,5,7,70,272,Beginner,Beginner
1146,4,2,9,90,145,Intermediate,Advanced
1147,3,7,2,20,414,Advanced,Intermediate
1148,4,8,4,40,339,Advanced,Intermediate
1149,2,10,4,40,415,Beginner,Beginner
1150,4,1,2,20,435,Advanced,Intermediate
1151,1,2,3,30,576,Advanced,Intermediate
1152,2,10,8,80,162,Intermediate,Intermediate
1153,3,4,9,90,140,Beginner,Intermediate
1154,1,5,6,60,350,Intermediate,Intermediate
1155,2,2,10,100,150,Intermediate,Advanced
1156,3,1,2,20,546,Intermediate,Beginner
1157,1,9,2,20,326,Intermediate,Beginner
1158,1,1,7,70,292,Advanced,Advanced
1159,2,4,8,80,216,Beginner,Intermediate
1160,5,2,8,80,209,Beginner,Intermediate
1161,1,4,6,60,439,Intermediate,Intermediate
1162,1,8,10,100,163,Beginner,Intermediate
1163,3,8,8,80,162,Advanced,Advanced
1164,4,9,1,10,586,Beginner,Beginner
1165,2,5,9,90,236,Intermediate,Advanced
1166,2,7,1,10,511,Advanced,Intermediate
1167,5,3,3,30,375,Beginner,Beginner
1168,5,10,9,90,264,Advanced,Advanced
1169,2,4,5,50,362,Intermediate,Intermediate
1170,5,10,9,90,153,Beginner,Intermediate
1171,3,9,9,90,199,Advanced,Advanced
1172,2,10,6,60,223,Beginner,Beginner
1173,5,10,1,10,397,Intermediate,Beginner
1174,2,1,10,100,229,Beginner,Intermediate
1175,4,2,7,70,436,Beginner,Beginner
1176,1,5,6,60,426,Advanced,Advanced
1177,2,3,9,90,147,Advanced,Advanced
1178,1,2,7,70,420,Beginner,Beginner
1179,5,1,4,40,572,Intermediate,Beginner
1180,1,10,7,70,277,Advanced,Advanced
1181,2,3,2,20,426,Advanced,Intermediate
1182,4,1,6,60,421,Intermediate,Intermediate
1183,5,1,6,60,228,Advanced,Advanced
1184,2,1,2,20,586,Intermediate,Beginner
1185,5,8,4,40,387,Intermediate,Beginner
1186,3,3,8,80,181,Advanced,Advanced
1187,1,1,8,80,138,Beginner,Intermediate
1188,3,7,8,80,200,Beginner,Intermediate
1189,2,10,8,80,226,Beginner,Intermediate
1190,4,3,1,10,529,Beginner,Beginner
1191,5,8,2,20,411,Beginner,Beginner
1192,1,4,4,40,519,Intermediate,Beginner
1193,5,4,9,90,242,Intermediate,Advanced
1194,2,5,3,30,543,Beginner,Beginner
1195,5,6,6,60,397,Beginner,Beginner
1196,1,7,7,70,284,Beginner,Intermediate
1197,2,4,8,80,243,Intermediate,Intermediate
1198,5,8,7,70,222,Intermediate,Intermediate
1199,4,6,3,30,506,Beginner,Beginner
1200,2,1,6,60,399,Advanced,Advanced
1201,2,1,5,50,357,Intermediate,Intermediate
1202,4,9,10,100,140,Advanced,Advanced
1203,3,10,4,40,592,Beginner,Beginner
1204,1,6,1,10,314,Advanced,Intermediate
1205,3,10,7,70,306,Intermediate,Intermediate
1206,5,8,8,80,239,Advanced,Advanced
1207,4,7,2,20,436,Intermediate,Beginner
1208,3,6,7,70,263,Advanced,Advanced
1209,2,4,6,60,258,Intermediate,Intermediate
1210,5,7,5,50,352,Advanced,Advanced
1211,5,9,4,40,324,Advanced,Intermediate
1212,3,10,2,20,533,Intermediate,Beginner
1213,3,10,10,100,240,Intermediate,Advanced
1214,4,7,6,60,309,Beginner,Beginner
1215,1,1,5,50,283,Advanced,Advanced
1216,3,10,2,20,499,Intermediate,Beginner
1217,3,9,10,100,208,Intermediate,Advanced
1218,2,4,7,70,331,Beginner,Beginner
1219,5,3,6,60,295,Intermediate,Intermediate
1220,1,4,9,90,256,Intermediate,Intermediate
1221,2,4,10,100,257,Intermediate,Intermediate
1222,4,10,5,50,229,Intermediate,Intermediate
1223,4,2,9,90,181,Beginner,Intermediate
1224,3,1,9,90,209,Beginner,Intermediate
1225,3,10,1,10,518,Intermediate,Beginner
1226,4,1,5,50,279,Beginner,Beginner
1227,3,8,9,90,266,Intermediate,Intermediate
1228,1,2,7,70,326,Intermediate,Intermediate
1229,3,10,6,60,257,Advanced,Advanced
1230,5,5,6,60,353,Beginner,Beginner
1231,3,4,7,70,362,Beginner,Beginner
1232,2,8,1,10,520,Intermediate,Beginner
1233,1,2,4,40,432,Intermediate,Beginner
1234,2,10,1,10,352,Beginner,Beginner
1235,2,9,6,60,413,Advanced,Advanced
1236,5,7,4,40,361,Intermediate,Beginner
1237,1,7,1,10,322,Beginner,Beginner
1238,1,1,9,90,163,Beginner,Intermediate
1239,1,2,4,40,345,Advanced,Intermediate
1240,1,4,6,60,366,Beginner,Beginner
1241,1,4,7,70,435,Beginner,Beginner
1242,5,3,8,80,203,Beginner,Intermediate
1243,3,7,9,90,166,Intermediate,Advanced
1244,2,8,9,90,210,Advanced,Advanced
1245,1,2,8,80,171,Beginner,Intermediate
1246,3,4,10,100,143,Beginner,Intermediate
1247,3,3,3,30,444,Beginner,Beginner
1248,2,2,2,20,388,Intermediate,Beginner
1249,5,6,5,50,393,Beginner,Beginner
1250,4,4,1,10,363,Advanced,Intermediate
1251,4,6,3,30,418,Beginner,Beginner
1252,3,2,1,10,522,Beginner,Beginner
1253,2,4,3,30,455,Beginner,Beginner
1254,4,6,4,40,477,Advanced,Intermediate
1255,3,5,7,70,283,Intermediate,Intermediate
1256,5,3,5,50,375,Advanced,Advanced
1257,4,8,5,50,305,Beginner,Beginner
1258,3,7,1,10,355,Beginner,Beginner
1259,3,3,8,80,178,Intermediate,Intermediate
1260,1,6,4,40,519,Intermediate,Beginner
1261,5,4,10,100,166,Intermediate,Advanced
1262,1,5,5,50,423,Beginner,Beginner
1263,2,5,2,20,401,Beginner,Beginner
1264,1,7,1,10,343,Beginner,Beginner
1265,1,5,9,90,134,Intermediate,Advanced
1266,4,3,2,20,535,Intermediate,Beginner
1267,3,10,6,60,324,Advanced,Advanced
1268,5,5,1,10,350,Beginner,Beginner
1269,1,7,1,10,333,Advanced,Intermediate
1270,5,5,9,90,243,Intermediate,Advanced
1271,1,5,4,40,376,Beginner,Beginner
1272,2,9,9,90,255,Advanced,Advanced
1273,1,3,5,50,342,Intermediate,Intermediate
1274,4,6,7,70,424,Intermediate,Intermediate
1275,3,1,1,10,527,Intermediate,Beginner
1276,2,10,6,60,289,Beginner,Beginner
1277,1,5,8,80,140,Intermediate,Intermediate
1278,5,8,1,10,407,Advanced,Intermediate
1279,2,5,9,90,227,Beginner,Intermediate
1280,2,9,3,30,540,Intermediate,Beginner
1281,1,6,1,10,550,Advanced,Intermediate
1282,2,8,1,10,434,Beginner,Beginner
1283,5,10,6,60,309,Beginner,Beginner
1284,2,8,6,60,298,Beginner,Beginner
1285,5,3,1,10,476,Intermediate,Beginner
1286,1,7,3,30,401,Advanced,Intermediate
1287,3,7,7,70,324,Intermediate,Intermediate
1288,2,10,10,100,198,Beginner,Intermediate
1289,3,6,3,30,411,Intermediate,Beginner
1290,5,7,3,30,480,Advanced,Intermediate
1291,2,2,3,30,403,Beginner,Beginner
1292,4,9,7,70,235,Advanced,Advanced
1293,3,10,4,40,395,Advanced,Intermediate
1294,2,10,4,40,592,Beginner,Beginner
1295,3,1,3,30,445,Beginner,Beginner
1296,2,1,10,100,267,Intermediate,Intermediate
1297,1,3,9,90,165,Intermediate,Advanced
1298,3,3,2,20,301,Advanced,Intermediate
1299,4,1,4,40,418,Intermediate,Beginner
1300,4,7,8,80,206,Beginner,Intermediate
1301,5,4,6,60,313,Beginner,Beginner
1302,2,10,7,70,410,Advanced,Advanced
1303,3,2,7,70,222,Beginner,Beginner
1304,5,10,2,20,410,Intermediate,Beginner
1305,3,5,4,40,476,Beginner,Beginner
1306,2,6,10,100,120,Beginner,Intermediate
1307,4,9,10,100,224,Beginner,Intermediate
1308,1,4,6,60,241,Beginner,Beginner
1309,4,2,3,30,519,Intermediate,Beginner
1310,5,5,9,90,253,Beginner,Intermediate
1311,1,3,4,40,364,Advanced,Intermediate
1312,5,2,10,100,140,Intermediate,Advanced
1313,2,1,2,20,548,Intermediate,Beginner
1314,1,10,6,60,223,Intermediate,Intermediate
1315,5,2,1,10,430,Intermediate,Beginner
1316,2,6,6,60,332,Beginner,Beginner
1317,4,8,10,100,149,Advanced,Advanced
1318,2,3,1,10,586,Intermediate,Beginner
1319,3,9,8,80,139,Beginner,Intermediate
1320,2,9,5,50,434,Intermediate,Intermediate
1321,2,2,6,60,273,Intermediate,Intermediate
1322,3,8,2,20,550,Beginner,Beginner
1323,5,10,2,20,570,Advanced,Intermediate
1324,5,5,9,90,270,Beginner,Intermediate
1325,2,4,3,30,479,Intermediate,Beginner
1326,3,10,6,60,413,Advanced,Advanced
1327,3,5,10,100,176,Beginner,Intermediate
1328,4,4,5,50,298,Beginner,Beginner
1329,5,8,4,40,479,Beginner,Beginner
1330,1,4,10,100,133,Beginner,Intermediate
1331,5,10,2,20,545,Beginner,Beginner
1332,5,6,8,80,133,Advanced,Advanced
1333,4,2,10,100,218,Advanced,Advanced
1334,1,5,7,70,252,Intermediate,Intermediate
1335,4,6,2,20,556,Beginner,Beginner
1336,1,5,6,60,253,Advanced,Advanced
1337,2,2,8,80,138,Intermediate,Intermediate
1338,1,7,7,70,371,Beginner,Intermediate
1339,4,4,1,10,559,Intermediate,Beginner
1340,5,8,5,50,383,Beginner,Beginner
1341,1,7,2,20,376,Advanced,Intermediate
1342,1,7,6,60,277,Intermediate,Intermediate
1343,3,9,7,70,379,Intermediate,Intermediate
1344,5,1,7,70,356,Intermediate,Intermediate
1345,2,10,3,30,507,Intermediate,Beginner
1346,4,6,7,70,286,Beginner,Beginner
1347,2,6,5,50,335,Intermediate,Intermediate
1348,5,6,8,80,267,Advanced,Advanced
1349,1,6,8,80,239,Beginner,Intermediate
1350,1,10,7,70,409,Advanced,Advanced
1351,5,7,6,60,405,Intermediate,Intermediate
1352,1,10,2,20,577,Beginner,Beginner
1353,1,6,6,60,331,Intermediate,Intermediate
1354,1,1,9,90,194,Advanced,Advanced
1355,4,3,2,20,533,Intermediate,Beginner
1356,4,2,1,10,475,Intermediate,Beginner
1357,3,6,5,50,355,Intermediate,Intermediate
1358,2,8,6,60,420,Intermediate,Intermediate
1359,5,3,3,30,442,Beginner,Beginner
1360,5,10,8,80,151,Beginner,Intermediate
1361,5,8,7,70,400,Beginner,Intermediate
1362,3,8,2,20,366,Beginner,Beginner
1363,4,5,7,70,223,Beginner,Beginner
1364,3,8,1,10,585,Intermediate,Beginner
1365,5,6,9,90,132,Intermediate,Advanced
1366,2,5,7,70,240,Beginner,Beginner
1367,1,9,6,60,260,Beginner,Beginner
1368,4,7,2,20,420,Beginner,Beginner
1369,4,8,3,30,574,Beginner,Beginner
1370,3,1,1,10,530,Beginner,Beginner
1371,4,2,10,100,167,Intermediate,Advanced
1372,5,8,5,50,305,Beginner,Beginner
1373,5,9,9,90,182,Intermediate,Advanced
1374,3,4,6,60,367,Intermediate,Intermediate
1375,5,10,5,50,411,Beginner,Beginner
1376,2,10,3,30,592,Beginner,Beginner
1377,3,9,5,50,250,Beginner,Beginner
1378,2,4,8,80,193,Beginner,Intermediate
1379,1,10,2,20,445,Beginner,Beginner
1380,2,10,5,50,326,Advanced,Advanced
1381,1,10,6,60,322,Beginner,Beginner
1382,1,9,10,100,229,Advanced,Advanced
1383,2,7,8,80,139,Beginner,Intermediate
1384,3,2,8,80,258,Advanced,Advanced
1385,5,9,5,50,305,Intermediate,Intermediate
1386,5,4,9,90,163,Beginner,Intermediate
1387,1,8,4,40,381,Beginner,Beginner
1388,1,7,9,90,183,Intermediate,Advanced
1389,3,7,7,70,341,Advanced,Advanced
1390,4,8,6,60,381,Beginner,Beginner
1391,2,1,4,40,354,Beginner,Beginner
1392,1,5,2,20,373,Beginner,Beginner
1393,5,2,8,80,236,Beginner,Intermediate
1394,3,2,6,60,348,Advanced,Advanced
1395,2,1,3,30,555,Intermediate,Beginner
1396,3,5,7,70,385,Beginner,Beginner
1397,2,2,10,100,256,Beginner,Intermediate
1398,2,4,7,70,314,Beginner,Beginner
1399,1,3,6,60,418,Advanced,Advanced
1400,3,3,2,20,411,Advanced,Intermediate
1401,3,2,8,80,171,Beginner,Intermediate
1402,5,6,1,10,445,Intermediate,Beginner
1403,5,2,1,10,332,Advanced,Intermediate
1404,1,8,6,60,223,Beginner,Beginner
1405,1,8,5,50,306,Beginner,Beginner
1406,4,5,9,90,194,Beginner,Intermediate
1407,5,10,7,70,399,Beginner,Intermediate
1408,2,7,2,20,564,Beginner,Beginner
1409,3,4,7,70,283,Advanced,Advanced
1410,1,1,3,30,329,Intermediate,Beginner
1411,3,2,1,10,531,Beginner,Beginner
1412,3,10,8,80,252,Beginner,Intermediate
1413,4,10,3,30,375,Intermediate,Beginner
1414,5,4,8,80,248,Beginner,Intermediate
1415,1,1,7,70,234,Beginner,Beginner
1416,3,8,2,20,388,Beginner,Beginner
1417,1,9,1,10,469,Intermediate,Beginner
1418,2,4,7,70,347,Beginner,Beginner
1419,4,10,1,10,473,Beginner,Beginner
1420,2,3,6,60,400,Intermediate,Intermediate
1421,1,2,10,100,145,Beginner,Intermediate
1422,1,5,10,100,180,Advanced,Advanced
1423,5,3,8,80,242,Intermediate,Intermediate
1424,3,10,7,70,286,Beginner,Intermediate
1425,3,7,4,40,325,Beginner,Beginner
1426,2,6,1,10,382,Intermediate,Beginner
1427,4,1,1,10,359,Beginner,Beginner
1428,3,8,4,40,338,Advanced,Intermediate
1429,5,2,5,50,342,Intermediate,Intermediate
1430,2,5,7,70,255,Intermediate,Intermediate
1431,2,9,4,40,576,Advanced,Intermediate
1432,5,8,10,100,237,Beginner,Intermediate
1433,4,2,1,10,581,Intermediate,Beginner
1434,5,9,10,100,155,Intermediate,Advanced
1435,4,5,7,70,371,Advanced,Advanced
1436,5,10,2,20,532,Intermediate,Beginner
1437,5,6,2,20,445,Intermediate,Beginner
1438,1,3,8,80,134,Beginner,Intermediate
1439,2,3,10,100,198,Intermediate,Advanced
1440,5,10,10,100,253,Beginner,Intermediate
1441,5,8,10,100,278,Intermediate,Intermediate
1442,3,10,5,50,247,Beginner,Beginner
1443,2,10,10,100,255,Beginner,Intermediate
1444,3,2,2,20,540,Advanced,Intermediate
1445,2,2,5,50,307,Beginner,Beginner
1446,3,5,8,80,150,Beginner,Intermediate
1447,5,6,6,60,266,Beginner,Beginner
1448,5,2,3,30,333,Beginner,Beginner
1449,1,5,8,80,121,Intermediate,Intermediate
1450,3,7,9,90,225,Beginner,Intermediate
1451,4,10,5,50,414,Beginner,Beginner
1452,1,10,2,20,393,Beginner,Beginner
1453,3,8,2,20,434,Beginner,Beginner
1454,3,7,7,70,423,Beginner,Intermediate
1455,1,8,1,10,549,Intermediate,Beginner
1456,5,9,10,100,266,Beginner,Intermediate
1457,3,5,2,20,553,Beginner,Beginner
1458,5,5,10,100,262,Advanced,Advanced
1459,1,10,4,40,475,Advanced,Intermediate
1460,5,4,1,10,424,Beginner,Beginner
1461,2,9,4,40,550,Beginner,Beginner
1462,4,5,10,100,261,Intermediate,Intermediate
1463,3,2,5,50,350,Intermediate,Intermediate
1464,4,10,9,90,169,Advanced,Advanced
1465,5,8,1,10,392,Beginner,Beginner
1466,3,7,5,50,343,Intermediate,Intermediate
1467,5,8,2,20,519,Advanced,Intermediate
1468,2,3,9,90,197,Intermediate,Advanced
1469,1,4,6,60,297,Beginner,Beginner
1470,3,5,2,20,319,Beginner,Beginner
1471,2,6,3,30,504,Beginner,Beginner
1472,2,1,8,80,210,Beginner,Intermediate
1473,3,4,1,10,472,Advanced,Intermediate
1474,5,10,3,30,488,Beginner,Beginner
1475,2,5,10,100,175,Beginner,Intermediate
1476,4,7,1,10,301,Advanced,Intermediate
1477,2,5,8,80,224,Intermediate,Intermediate
1478,5,1,1,10,467,Beginner,Beginner
1479,5,7,5,50,331,Beginner,Beginner
1480,4,8,4,40,323,Beginner,Beginner
1481,2,7,7,70,376,Beginner,Intermediate
1482,5,4,5,50,414,Advanced,Advanced
1483,3,8,8,80,228,Beginner,Intermediate
1484,1,5,1,10,367,Intermediate,Beginner
1485,1,10,5,50,333,Beginner,Beginner
1486,1,9,4,40,493,Advanced,Intermediate
1487,2,10,3,30,383,Intermediate,Beginner
1488,4,5,5,50,401,Advanced,Advanced
1489,5,1,10,100,168,Beginner,Intermediate
1490,3,9,3,30,331,Advanced,Intermediate
1491,3,5,8,80,180,Advanced,Advanced
1492,2,6,3,30,469,Intermediate,Beginner
1493,1,4,1,10,428,Beginner,Beginner
1494,2,6,9,90,221,Beginner,Intermediate
1495,4,8,9,90,154,Beginner,Intermediate
1496,4,3,6,60,270,Beginner,Beginner
1497,5,5,10,100,164,Intermediate,Advanced
1498,5,2,1,10,376,Intermediate,Beginner
1499,4,2,8,80,232,Intermediate,Intermediate
1500,4,7,2,20,313,Beginner,Beginner
1501,4,10,9,90,212,Beginner,Intermediate
1502,2,10,8,80,250,Beginner,Intermediate
1503,4,10,3,30,537,Intermediate,Beginner
1504,3,6,5,50,243,Intermediate,Intermediate
1505,1,4,9,90,184,Beginner,Intermediate
1506,4,5,1,10,437,Intermediate,Beginner
1507,1,1,9,90,132,Intermediate,Advanced
1508,2,7,4,40,527,Advanced,Intermediate
1509,1,8,4,40,500,Beginner,Beginner
1510,2,9,4,40,441,Intermediate,Beginner
1511,3,8,10,100,219,Beginner,Intermediate
1512,2,5,9,90,257,Beginner,Intermediate
1513,2,3,6,60,387,Intermediate,Intermediate
1514,5,10,8,80,270,Intermediate,Intermediate
1515,4,9,4,40,398,Beginner,Beginner
1516,4,6,3,30,365,Beginner,Beginner
1517,3,5,1,10,346,Intermediate,Beginner
1518,3,3,10,100,200,Beginner,Intermediate
1519,4,6,7,70,345,Intermediate,Intermediate
1520,5,3,4,40,530,Advanced,Intermediate
1521,4,10,8,80,171,Intermediate,Intermediate
1522,5,6,3,30,445,Intermediate,Beginner
1523,3,4,1,10,506,Intermediate,Beginner
1524,1,2,5,50,365,Advanced,Advanced
1525,3,8,2,20,451,Intermediate,Beginner
1526,3,4,3,30,578,Beginner,Beginner
1527,2,9,6,60,359,Beginner,Beginner
1528,2,7,3,30,450,Advanced,Intermediate
1529,2,2,3,30,320,Beginner,Beginner
1530,2,4,6,60,283,Intermediate,Intermediate
1531,5,5,5,50,437,Advanced,Advanced
1532,4,3,10,100,191,Intermediate,Advanced
1533,1,9,9,90,249,Beginner,Intermediate
1534,3,5,1,10,368,Beginner,Beginner
1535,5,2,3,30,524,Beginner,Beginner
1536,1,3,3,30,545,Beginner,Beginner
1537,5,9,6,60,287,Advanced,Advanced
1538,5,7,8,80,266,Intermediate,Intermediate
1539,3,2,3,30,406,Intermediate,Beginner
1540,4,9,3,30,408,Intermediate,Beginner
1541,2,4,6,60,291,Beginner,Beginner
1542,4,9,8,80,222,Beginner,Intermediate
1543,3,2,6,60,360,Beginner,Beginner
1544,3,10,10,100,184,Intermediate,Advanced
1545,3,4,3,30,433,Intermediate,Beginner
1546,1,5,4,40,498,Intermediate,Beginner
1547,4,2,1,10,454,Intermediate,Beginner
1548,4,10,8,80,198,Advanced,Advanced
1549,5,1,4,40,549,Beginner,Beginner
1550,5,7,6,60,340,Intermediate,Intermediate
1551,5,10,3,30,386,Beginner,Beginner
1552,3,1,6,60,267,Intermediate,Intermediate
1553,4,8,9,90,207,Beginner,Intermediate
1554,3,3,9,90,187,Intermediate,Advanced
1555,1,10,10,100,220,Beginner,Intermediate
1556,5,6,3,30,316,Beginner,Beginner
1557,3,7,3,30,522,Advanced,Intermediate
1558,3,10,4,40,593,Beginner,Beginner
1559,1,1,7,70,357,Beginner,Beginner
1560,2,6,3,30,518,Intermediate,Beginner
1561,4,7,10,100,253,Intermediate,Intermediate
1562,2,6,8,80,253,Intermediate,Intermediate
1563,5,4,8,80,171,Intermediate,Intermediate
1564,3,1,6,60,234,Beginner,Beginner
1565,1,9,4,40,411,Beginner,Beginner
1566,1,4,5,50,403,Advanced,Advanced
1567,4,7,2,20,306,Beginner,Beginner
1568,2,7,6,60,270,Advanced,Advanced
1569,4,2,3,30,540,Beginner,Beginner
1570,3,1,6,60,411,Intermediate,Intermediate
1571,4,8,5,50,328,Advanced,Advanced
1572,1,8,2,20,485,Intermediate,Beginner
1573,1,7,5,50,250,Intermediate,Intermediate
1574,5,8,5,50,413,Intermediate,Intermediate
1575,5,3,9,90,211,Intermediate,Advanced
1576,3,2,8,80,225,Intermediate,Intermediate
1577,2,7,7,70,232,Beginner,Intermediate
1578,4,8,3,30,445,Intermediate,Beginner
1579,3,1,10,100,238,Beginner,Intermediate
1580,5,10,4,40,502,Beginner,Beginner
1581,4,9,6,60,360,Intermediate,Intermediate
1582,5,4,3,30,414,Beginner,Beginner
1583,4,4,9,90,271,Advanced,Advanced
1584,2,3,8,80,176,Advanced,Advanced
1585,3,6,6,60,345,Advanced,Advanced
1586,4,1,4,40,456,Intermediate,Beginner
1587,1,6,7,70,403,Intermediate,Intermediate
1588,1,2,3,30,432,Beginner,Beginner
1589,4,9,10,100,138,Intermediate,Advanced
1590,4,2,8,80,196,Beginner,Intermediate
1591,4,7,1,10,343,Beginner,Beginner
1592,1,1,3,30,505,Intermediate,Beginner
1593,1,7,5,50,257,Beginner,Beginner
1594,4,5,5,50,281,Beginner,Beginner
1595,5,8,10,100,141,Intermediate,Advanced
1596,5,4,2,20,372,Beginner,Beginner
1597,2,10,10,100,273,Beginner,Intermediate
1598,3,7,8,80,244,Beginner,Intermediate
1599,5,6,5,50,224,Intermediate,Intermediate
1600,1,5,7,70,440,Intermediate,Intermediate
1601,5,4,7,70,273,Intermediate,Intermediate
1602,2,7,5,50,305,Beginner,Beginner
1603,2,5,8,80,122,Intermediate,Intermediate
1604,3,5,9,90,157,Intermediate,Advanced
1605,5,1,4,40,441,Beginner,Beginner
1606,1,2,4,40,534,Intermediate,Beginner
1607,1,5,8,80,192,Intermediate,Intermediate
1608,4,3,1,10,593,Intermediate,Beginner
1609,1,2,4,40,471,Intermediate,Beginner
1610,3,4,6,60,344,Beginner,Beginner
1611,3,4,4,40,364,Intermediate,Beginner
1612,1,4,6,60,244,Intermediate,Intermediate
1613,1,4,5,50,235,Intermediate,Intermediate
1614,4,3,9,90,134,Intermediate,Advanced
1615,1,7,10,100,250,Advanced,Advanced
1616,4,9,9,90,156,Advanced,Advanced
1617,4,5,4,40,508,Intermediate,Beginner
1618,1,4,4,40,412,Intermediate,Beginner
1619,2,2,8,80,120,Beginner,Intermediate
1620,2,2,10,100,190,Intermediate,Advanced
1621,4,5,4,40,517,Intermediate,Beginner
1622,1,7,2,20,574,Beginner,Beginner
1623,2,10,2,20,351,Beginner,Beginner
1624,1,10,1,10,457,Beginner,Beginner
1625,1,9,5,50,326,Beginner,Beginner
1626,1,7,6,60,274,Beginner,Beginner
1627,5,5,9,90,133,Beginner,Intermediate
1628,1,10,5,50,232,Intermediate,Intermediate
1629,5,10,6,60,303,Beginner,Beginner
1630,4,10,6,60,309,Beginner,Beginner
1631,2,6,3,30,326,Advanced,Intermediate
1632,2,3,4,40,388,Beginner,Beginner
1633,2,5,1,10,340,Advanced,Intermediate
1634,2,8,4,40,567,Intermediate,Beginner
1635,2,1,1,10,437,Beginner,Beginner
1636,2,1,5,50,225,Beginner,Beginner
1637,2,7,8,80,160,Beginner,Intermediate
1638,4,5,8,80,125,Beginner,Intermediate
1639,1,5,5,50,349,Beginner,Beginner
1640,3,1,10,100,134,Beginner,Intermediate
1641,5,9,2,20,571,Beginner,Beginner
1642,3,1,6,60,375,Intermediate,Intermediate
1643,3,5,1,10,384,Beginner,Beginner
1644,1,10,7,70,419,Advanced,Advanced
1645,1,9,4,40,309,Beginner,Beginner
1646,1,4,5,50,357,Advanced,Advanced
1647,2,8,6,60,357,Beginner,Beginner
1648,4,6,1,10,500,Intermediate,Beginner
1649,2,3,9,90,275,Beginner,Intermediate
1650,4,4,10,100,271,Intermediate,Intermediate
1651,4,2,4,40,574,Beginner,Beginner
1652,3,1,8,80,187,Intermediate,Intermediate
1653,3,8,5,50,403,Beginner,Beginner
1654,4,1,8,80,161,Intermediate,Intermediate
1655,4,1,1,10,450,Beginner,Beginner
1656,2,4,8,80,203,Intermediate,Intermediate
1657,2,10,4,40,433,Beginner,Beginner
1658,3,10,2,20,329,Beginner,Beginner
1659,1,6,6,60,228,Intermediate,Intermediate
1660,4,9,2,20,469,Advanced,Intermediate
1661,2,1,5,50,253,Intermediate,Intermediate
1662,3,7,2,20,467,Intermediate,Beginner
1663,2,10,3,30,444,Intermediate,Beginner
1664,4,5,6,60,376,Intermediate,Intermediate
1665,4,8,1,10,527,Beginner,Beginner
1666,5,7,6,60,269,Beginner,Beginner
1667,1,4,3,30,375,Advanced,Intermediate
1668,5,4,7,70,442,Intermediate,Intermediate
1669,3,6,2,20,476,Intermediate,Beginner
1670,2,6,6,60,420,Intermediate,Intermediate
1671,3,9,8,80,165,Beginner,Intermediate
1672,4,5,1,10,345,Beginner,Beginner
1673,5,8,9,90,245,Intermediate,Advanced
1674,5,5,5,50,236,Beginner,Beginner
1675,5,2,5,50,285,Beginner,Beginner
1676,3,6,5,50,323,Intermediate,Intermediate
1677,4,9,6,60,224,Advanced,Advanced
1678,2,3,2,20,422,Beginner,Beginner
1679,2,1,6,60,401,Intermediate,Intermediate
1680,3,1,4,40,424,Beginner,Beginner
1681,5,3,8,80,231,Beginner,Intermediate
1682,1,10,9,90,135,Advanced,Advanced
1683,3,5,9,90,200,Intermediate,Advanced
1684,3,3,8,80,210,Beginner,Intermediate
1685,4,9,3,30,514,Intermediate,Beginner
1686,2,8,10,100,215,Beginner,Intermediate
1687,3,3,4,40,534,Intermediate,Beginner
1688,3,9,1,10,381,Beginner,Beginner
1689,5,6,9,90,157,Advanced,Advanced
1690,5,7,5,50,273,Intermediate,Intermediate
1691,1,4,6,60,295,Beginner,Beginner
1692,4,4,3,30,314,Advanced,Intermediate
1693,1,2,10,100,235,Advanced,Advanced
1694,5,5,8,80,128,Beginner,Intermediate
1695,2,8,7,70,227,Advanced,Advanced
1696,5,7,1,10,409,Advanced,Intermediate
1697,4,7,10,100,266,Intermediate,Intermediate
1698,5,6,5,50,270,Advanced,Advanced
1699,4,3,10,100,150,Intermediate,Advanced
1700,4,5,9,90,221,Intermediate,Advanced
1701,4,1,6,60,222,Advanced,Advanced
1702,4,7,8,80,218,Intermediate,Intermediate
1703,4,9,10,100,202,Intermediate,Advanced
1704,2,1,1,10,584,Beginner,Beginner
1705,1,2,10,100,129,Advanced,Advanced
1706,3,3,7,70,359,Intermediate,Intermediate
1707,1,3,3,30,585,Intermediate,Beginner
1708,4,8,9,90,213,Intermediate,Advanced
1709,2,7,6,60,429,Beginner,Beginner
1710,5,6,5,50,435,Beginner,Beginner
1711,2,10,8,80,151,Intermediate,Intermediate
1712,4,10,8,80,166,Intermediate,Intermediate
1713,2,4,3,30,387,Advanced,Intermediate
1714,2,9,2,20,362,Intermediate,Beginner
1715,4,1,2,20,578,Advanced,Intermediate
1716,2,2,5,50,422,Beginner,Beginner
1717,3,4,10,100,193,Advanced,Advanced
1718,3,3,7,70,269,Beginner,Beginner
1719,2,1,8,80,243,Intermediate,Intermediate
1720,5,5,10,100,132,Intermediate,Advanced
1721,4,7,8,80,245,Beginner,Intermediate
1722,3,2,8,80,148,Beginner,Intermediate
1723,5,5,10,100,240,Beginner,Intermediate
1724,2,6,3,30,511,Intermediate,Beginner
1725,5,7,2,20,447,Beginner,Beginner
1726,1,1,4,40,377,Advanced,Intermediate
1727,3,7,1,10,313,Beginner,Beginner
1728,2,4,3,30,435,Advanced,Intermediate
1729,4,8,9,90,167,Beginner,Intermediate
1730,2,4,7,70,360,Beginner,Beginner
1731,4,6,7,70,243,Beginner,Beginner
1732,2,9,1,10,378,Advanced,Intermediate
1733,5,5,7,70,412,Intermediate,Intermediate
1734,5,4,10,100,170,Beginner,Intermediate
1735,5,8,7,70,222,Beginner,Intermediate
1736,1,9,4,40,517,Beginner,Beginner
1737,4,4,7,70,425,Intermediate,Intermediate
1738,5,3,8,80,177,Beginner,Intermediate
1739,1,8,3,30,419,Intermediate,Beginner
1740,4,5,10,100,199,Intermediate,Advanced
1741,2,2,2,20,341,Advanced,Intermediate
1742,1,10,7,70,240,Intermediate,Intermediate
1743,3,9,5,50,229,Beginner,Beginner
1744,1,3,5,50,276,Advanced,Advanced
1745,1,2,5,50,372,Beginner,Beginner
1746,4,1,7,70,275,Intermediate,Intermediate
1747,2,8,9,90,157,Advanced,Advanced
1748,3,3,8,80,205,Beginner,Intermediate
1749,5,7,6,60,332,Beginner,Beginner
1750,5,1,7,70,408,Beginner,Beginner
1751,1,1,9,90,231,Beginner,Intermediate
1752,4,9,6,60,394,Beginner,Beginner
1753,4,8,1,10,303,Beginner,Beginner
1754,5,3,4,40,521,Beginner,Beginner
1755,3,6,8,80,181,Advanced,Advanced
1756,2,3,7,70,447,Intermediate,Intermediate
1757,3,4,3,30,512,Intermediate,Beginner
1758,2,1,10,100,243,Intermediate,Advanced
1759,5,5,3,30,427,Advanced,Intermediate
1760,2,1,3,30,512,Advanced,Intermediate
1761,4,1,1,10,411,Advanced,Intermediate
1762,1,10,10,100,204,Advanced,Advanced
1763,1,7,1,10,303,Beginner,Beginner
1764,5,6,6,60,284,Intermediate,Intermediate
1765,4,2,1,10,419,Intermediate,Beginner
1766,3,2,5,50,349,Intermediate,Intermediate
1767,4,7,4,40,436,Intermediate,Beginner
1768,1,1,5,50,404,Beginner,Beginner
1769,1,2,7,70,264,Beginner,Beginner
1770,4,8,6,60,365,Advanced,Advanced
1771,4,6,9,90,231,Intermediate,Advanced
1772,1,2,6,60,395,Beginner,Beginner
1773,3,7,9,90,161,Beginner,Intermediate
1774,5,4,4,40,388,Intermediate,Beginner
1775,5,2,1,10,517,Intermediate,Beginner
1776,4,6,1,10,527,Intermediate,Beginner
1777,5,9,10,100,161,Beginner,Intermediate
1778,1,9,7,70,254,Beginner,Intermediate
1779,1,8,3,30,366,Beginner,Beginner
1780,4,3,2,20,550,Intermediate,Beginner
1781,4,3,6,60,260,Beginner,Beginner
1782,4,2,6,60,318,Beginner,Beginner
1783,3,5,7,70,269,Intermediate,Intermediate
1784,5,4,5,50,323,Advanced,Advanced
1785,4,7,8,80,205,Beginner,Intermediate
1786,2,4,7,70,419,Intermediate,Intermediate
1787,2,9,2,20,378,Advanced,Intermediate
1788,1,2,1,10,498,Advanced,Intermediate
1789,5,6,9,90,266,Advanced,Advanced
1790,4,7,5,50,325,Intermediate,Intermediate
1791,2,4,5,50,364,Beginner,Beginner
1792,5,6,10,100,241,Intermediate,Advanced
1793,1,7,4,40,376,Intermediate,Beginner
1794,3,4,2,20,411,Intermediate,Beginner
1795,5,8,5,50,312,Intermediate,Intermediate
1796,5,9,2,20,469,Intermediate,Beginner
1797,3,1,7,70,225,Advanced,Advanced
1798,5,7,9,90,217,Beginner,Intermediate
1799,1,9,9,90,192,Beginner,Intermediate
1800,1,10,6,60,449,Intermediate,Intermediate
1801,3,5,1,10,467,Beginner,Beginner
1802,4,2,6,60,260,Intermediate,Intermediate
1803,2,10,5,50,228,Beginner,Beginner
1804,4,6,4,40,307,Intermediate,Beginner
1805,5,7,6,60,391,Intermediate,Intermediate
1806,2,2,6,60,405,Beginner,Beginner
1807,3,2,6,60,323,Beginner,Beginner
1808,3,10,2,20,494,Beginner,Beginner
1809,2,10,7,70,232,Beginner,Intermediate
1810,1,1,4,40,318,Intermediate,Beginner
1811,2,4,9,90,217,Intermediate,Advanced
1812,5,7,10,100,215,Beginner,Intermediate
1813,1,9,2,20,348,Intermediate,Beginner
1814,3,3,5,50,427,Beginner,Beginner
1815,2,7,4,40,457,Advanced,Intermediate
1816,4,7,9,90,185,Beginner,Intermediate
1817,4,7,4,40,358,Advanced,Intermediate
1818,5,2,8,80,172,Intermediate,Intermediate
1819,4,6,8,80,171,Intermediate,Intermediate
1820,2,2,6,60,300,Intermediate,Intermediate
1821,2,6,6,60,378,Advanced,Advanced
1822,4,10,8,80,134,Advanced,Advanced
1823,2,3,10,100,240,Intermediate,Advanced
1824,5,2,9,90,267,Beginner,Intermediate
1825,1,6,5,50,224,Advanced,Advanced
1826,5,2,1,10,434,Beginner,Beginner
1827,5,5,1,10,573,Advanced,Intermediate
1828,2,2,2,20,355,Intermediate,Beginner
1829,1,3,10,100,194,Advanced,Advanced
1830,2,3,10,100,215,Advanced,Advanced
1831,3,6,5,50,333,Beginner,Beginner
1832,2,6,4,40,327,Intermediate,Beginner
1833,2,10,1,10,301,Beginner,Beginner
1834,2,3,4,40,511,Beginner,Beginner
1835,1,3,4,40,367,Intermediate,Beginner
1836,2,1,10,100,247,Beginner,Intermediate
1837,1,7,4,40,323,Intermediate,Beginner
1838,4,8,1,10,552,Advanced,Intermediate
1839,3,2,9,90,231,Intermediate,Advanced
1840,1,4,3,30,529,Beginner,Beginner
1841,4,10,4,40,475,Advanced,Intermediate
1842,1,7,5,50,392,Advanced,Advanced
1843,1,8,7,70,338,Intermediate,Intermediate
1844,3,1,6,60,440,Intermediate,Intermediate
1845,5,4,5,50,405,Advanced,Advanced
1846,5,6,8,80,155,Beginner,Intermediate
1847,1,3,1,10,301,Advanced,Intermediate
1848,2,5,7,70,346,Advanced,Advanced
1849,4,10,6,60,324,Advanced,Advanced
1850,2,9,5,50,237,Beginner,Beginner
1851,2,3,7,70,396,Advanced,Advanced
1852,1,5,3,30,563,Intermediate,Beginner
1853,1,8,1,10,485,Intermediate,Beginner
1854,1,6,9,90,134,Advanced,Advanced
1855,1,4,2,20,578,Beginner,Beginner
1856,5,8,10,100,212,Beginner,Intermediate
1857,1,3,3,30,363,Advanced,Intermediate
1858,5,3,8,80,153,Advanced,Advanced
1859,5,4,10,100,137,Advanced,Advanced
1860,1,9,9,90,183,Beginner,Intermediate
1861,3,5,3,30,550,Intermediate,Beginner
1862,4,8,6,60,391,Beginner,Beginner
1863,2,6,7,70,236,Advanced,Advanced
1864,5,3,1,10,440,Beginner,Beginner
1865,4,8,7,70,271,Intermediate,Intermediate
1866,3,9,4,40,544,Intermediate,Beginner
1867,2,8,5,50,413,Advanced,Advanced
1868,2,4,8,80,153,Intermediate,Intermediate
1869,5,6,4,40,386,Intermediate,Beginner
1870,1,1,4,40,498,Beginner,Beginner
1871,3,4,8,80,221,Intermediate,Intermediate
1872,5,8,5,50,411,Intermediate,Intermediate
1873,3,1,6,60,380,Beginner,Beginner
1874,1,3,5,50,359,Intermediate,Intermediate
1875,1,1,1,10,375,Advanced,Intermediate
1876,5,9,7,70,238,Beginner,Intermediate
1877,1,2,6,60,356,Beginner,Beginner
1878,4,9,2,20,349,Intermediate,Beginner
1879,2,4,7,70,258,Advanced,Advanced
1880,5,2,6,60,388,Beginner,Beginner
1881,3,4,5,50,357,Advanced,Advanced
1882,4,10,8,80,131,Advanced,Advanced
1883,5,6,5,50,298,Beginner,Beginner
1884,1,7,2,20,314,Beginner,Beginner
1885,1,3,6,60,247,Intermediate,Intermediate
1886,1,3,1,10,591,Advanced,Intermediate
1887,1,10,5,50,338,Intermediate,Intermediate
1888,3,8,6,60,284,Intermediate,Intermediate
1889,4,5,7,70,317,Beginner,Beginner
1890,2,4,2,20,338,Intermediate,Beginner
1891,3,7,1,10,337,Intermediate,Beginner
1892,3,7,6,60,263,Beginner,Beginner
1893,2,9,3,30,478,Intermediate,Beginner
1894,2,9,5,50,316,Beginner,Beginner
1895,1,5,2,20,581,Intermediate,Beginner
1896,3,8,1,10,537,Beginner,Beginner
1897,5,10,1,10,463,Beginner,Beginner
1898,2,1,4,40,396,Advanced,Intermediate
1899,2,9,10,100,120,Beginner,Intermediate
1900,4,8,2,20,561,Intermediate,Beginner
1901,5,6,1,10,592,Beginner,Beginner
1902,5,3,6,60,221,Beginner,Beginner
1903,2,3,4,40,548,Beginner,Beginner
1904,1,8,10,100,242,Beginner,Intermediate
1905,4,5,7,70,288,Beginner,Beginner
1906,5,10,6,60,437,Advanced,Advanced
1907,2,7,5,50,388,Beginner,Beginner
1908,5,5,10,100,132,Beginner,Intermediate
1909,4,8,2,20,503,Advanced,Intermediate
1910,4,10,5,50,288,Beginner,Beginner
1911,3,10,9,90,185,Intermediate,Advanced
1912,2,4,9,90,178,Beginner,Intermediate
1913,4,2,2,20,358,Beginner,Beginner
1914,3,3,7,70,438,Intermediate,Intermediate
1915,3,8,10,100,236,Advanced,Advanced
1916,5,7,4,40,565,Beginner,Beginner
1917,5,2,3,30,440,Intermediate,Beginner
1918,3,6,1,10,535,Beginner,Beginner
1919,5,9,3,30,517,Beginner,Beginner
1920,4,4,9,90,134,Advanced,Advanced
1921,1,9,9,90,165,Beginner,Intermediate
1922,4,2,7,70,404,Advanced,Advanced
1923,3,2,3,30,437,Beginner,Beginner
1924,3,9,3,30,531,Advanced,Intermediate
1925,4,7,4,40,388,Intermediate,Beginner
1926,5,7,7,70,426,Advanced,Advanced
1927,5,1,7,70,296,Beginner,Beginner
1928,3,6,2,20,435,Advanced,Intermediate
1929,2,7,5,50,368,Intermediate,Intermediate
1930,5,6,7,70,432,Intermediate,Intermediate
1931,4,6,7,70,369,Advanced,Advanced
1932,5,2,6,60,329,Intermediate,Intermediate
1933,4,6,10,100,216,Advanced,Advanced
1934,3,4,10,100,164,Beginner,Intermediate
1935,5,9,8,80,210,Intermediate,Intermediate
1936,4,1,3,30,489,Advanced,Intermediate
1937,3,8,1,10,372,Beginner,Beginner
1938,2,5,3,30,472,Intermediate,Beginner
1939,4,1,2,20,334,Advanced,Intermediate
1940,2,4,2,20,509,Intermediate,Beginner
1941,2,1,2,20,432,Beginner,Beginner
1942,1,6,5,50,246,Beginner,Beginner
1943,5,2,1,10,497,Advanced,Intermediate
1944,4,5,10,100,151,Advanced,Advanced
1945,2,7,4,40,435,Advanced,Intermediate
1946,1,2,10,100,222,Intermediate,Advanced
1947,3,6,5,50,304,Intermediate,Intermediate
1948,4,6,2,20,445,Beginner,Beginner
1949,2,5,5,50,297,Beginner,Beginner
1950,5,5,10,100,262,Beginner,Intermediate
1951,1,3,4,40,533,Beginner,Beginner
1952,2,10,8,80,273,Advanced,Advanced
1953,5,10,1,10,343,Advanced,Intermediate
1954,2,2,5,50,251,Intermediate,Intermediate
1955,4,7,10,100,147,Advanced,Advanced
1956,4,1,1,10,459,Advanced,Intermediate
1957,4,6,10,100,196,Intermediate,Advanced
1958,1,6,10,100,137,Intermediate,Advanced
1959,4,3,4,40,402,Beginner,Beginner
1960,5,2,8,80,189,Intermediate,Intermediate
1961,2,2,1,10,418,Beginner,Beginner
1962,3,9,2,20,438,Beginner,Beginner
1963,5,5,1,10,459,Advanced,Intermediate
1964,5,7,7,70,367,Beginner,Intermediate
1965,4,5,2,20,542,Beginner,Beginner
1966,1,7,1,10,334,Intermediate,Beginner
1967,2,4,6,60,288,Intermediate,Intermediate
1968,1,8,6,60,345,Beginner,Beginner
1969,2,10,10,100,218,Beginner,Intermediate
1970,2,10,2,20,538,Advanced,Intermediate
1971,1,7,1,10,448,Beginner,Beginner
1972,5,10,10,100,230,Advanced,Advanced
1973,2,5,3,30,316,Intermediate,Beginner
1974,1,6,10,100,265,Intermediate,Intermediate
1975,2,5,5,50,445,Beginner,Beginner
1976,3,7,6,60,359,Advanced,Advanced
1977,5,2,3,30,443,Advanced,Intermediate
1978,4,5,9,90,123,Beginner,Intermediate
1979,2,10,5,50,436,Beginner,Beginner
1980,3,3,2,20,461,Beginner,Beginner
1981,4,9,10,100,211,Advanced,Advanced
1982,4,6,6,60,393,Intermediate,Intermediate
1983,2,10,8,80,194,Beginner,Intermediate
1984,1,3,6,60,424,Beginner,Beginner
1985,2,7,4,40,452,Intermediate,Beginner
1986,3,4,6,60,322,Advanced,Advanced
1987,4,3,8,80,143,Intermediate,Intermediate
1988,2,8,8,80,184,Beginner,Intermediate
1989,1,4,10,100,236,Beginner,Intermediate
1990,2,1,2,20,452,Intermediate,Beginner
1991,5,6,8,80,275,Beginner,Intermediate
1992,1,10,6,60,383,Advanced,Advanced
1993,3,1,2,20,381,Intermediate,Beginner
1994,4,5,1,10,305,Beginner,Beginner
1995,2,7,6,60,285,Intermediate,Intermediate
1996,1,6,7,70,286,Intermediate,Intermediate
1997,5,2,10,100,191,Intermediate,Advanced
1998,1,4,5,50,314,Advanced,Advanced
1999,5,2,10,100,167,Intermediate,Advanced
2000,3,1,8,80,189,Advanced,Advanced
2001,4,3,9,90,197,Intermediate,Advanced
2002,3,3,4,40,366,Beginner,Beginner
2003,2,7,7,70,395,Beginner,Intermediate
2004,1,1,8,80,184,Advanced,Advanced
2005,5,9,6,60,391,Advanced,Advanced
2006,5,6,2,20,554,Intermediate,Beginner
2007,1,4,7,70,282,Intermediate,Intermediate
2008,1,3,9,90,165,Beginner,Intermediate
2009,2,3,5,50,366,Intermediate,Intermediate
2010,3,2,2,20,545,Advanced,Intermediate
2011,5,2,4,40,491,Advanced,Intermediate
2012,2,10,3,30,370,Beginner,Beginner
2013,3,5,4,40,528,Beginner,Beginner
2014,2,9,10,100,182,Intermediate,Advanced
2015,5,2,7,70,260,Intermediate,Intermediate
2016,1,2,10,100,126,Beginner,Intermediate
2017,1,6,8,80,256,Intermediate,Intermediate
2018,3,10,1,10,559,Beginner,Beginner
2019,4,2,8,80,208,Advanced,Advanced
2020,3,4,5,50,396,Intermediate,Intermediate
2021,4,6,7,70,423,Advanced,Advanced
2022,2,5,1,10,433,Advanced,Intermediate
2023,2,1,2,20,381,Intermediate,Beginner
2024,5,6,1,10,320,Advanced,Intermediate
2025,4,1,5,50,362,Intermediate,Intermediate
2026,5,3,6,60,347,Advanced,Advanced
2027,1,10,10,100,224,Beginner,Intermediate
2028,4,5,9,90,223,Advanced,Advanced
2029,3,10,8,80,187,Beginner,Intermediate
2030,1,5,7,70,379,Beginner,Beginner
2031,1,10,5,50,413,Intermediate,Intermediate
2032,3,6,3,30,409,Intermediate,Beginner
2033,1,10,9,90,276,Beginner,Intermediate
2034,4,8,5,50,285,Intermediate,Intermediate
2035,5,5,3,30,553,Advanced,Intermediate
2036,1,1,3,30,582,Beginner,Beginner
2037,4,5,3,30,359,Intermediate,Beginner
2038,2,3,6,60,337,Beginner,Beginner
2039,4,4,1,10,343,Intermediate,Beginner
2040,5,8,4,40,509,Intermediate,Beginner
2041,4,7,8,80,155,Beginner,Intermediate
2042,3,5,3,30,318,Advanced,Intermediate
2043,5,2,5,50,310,Intermediate,Intermediate
2044,2,6,2,20,511,Advanced,Intermediate
2045,3,6,2,20,521,Intermediate,Beginner
2046,4,10,7,70,436,Advanced,Advanced
2047,5,10,10,100,274,Beginner,Intermediate
2048,2,6,3,30,397,Beginner,Beginner
2049,3,9,5,50,419,Intermediate,Intermediate
2050,2,8,3,30,318,Advanced,Intermediate
2051,4,8,6,60,260,Beginner,Beginner
2052,2,1,10,100,145,Advanced,Advanced
2053,1,5,3,30,327,Beginner,Beginner
2054,3,7,8,80,183,Beginner,Intermediate
2055,2,6,2,20,522,Beginner,Beginner
2056,4,5,3,30,379,Intermediate,Beginner
2057,4,8,8,80,170,Advanced,Advanced
2058,2,3,8,80,221,Beginner,Intermediate
2059,4,6,1,10,475,Intermediate,Beginner
2060,5,5,8,80,129,Beginner,Intermediate
2061,5,8,10,100,219,Intermediate,Advanced
2062,5,4,2,20,527,Beginner,Beginner
2063,1,8,7,70,366,Intermediate,Intermediate
2064,2,10,6,60,283,Intermediate,Intermediate
2065,1,2,2,20,318,Intermediate,Beginner
2066,4,9,5,50,295,Beginner,Beginner
2067,1,9,7,70,281,Beginner,Intermediate
2068,4,10,8,80,260,Intermediate,Intermediate
2069,4,10,3,30,324,Advanced,Intermediate
2070,3,6,1,10,527,Advanced,Intermediate
2071,5,4,7,70,308,Advanced,Advanced
2072,4,4,5,50,311,Advanced,Advanced
2073,3,6,5,50,261,Intermediate,Intermediate
2074,5,5,7,70,336,Beginner,Beginner
2075,4,6,1,10,594,Beginner,Beginner
2076,4,7,8,80,277,Intermediate,Intermediate
2077,1,7,10,100,252,Intermediate,Intermediate
2078,1,9,5,50,300,Advanced,Advanced
2079,5,8,8,80,265,Beginner,Intermediate
2080,4,6,10,100,226,Intermediate,Advanced
2081,2,6,10,100,230,Intermediate,Advanced
2082,1,5,5,50,240,Intermediate,Intermediate
2083,5,1,7,70,433,Beginner,Beginner
2084,4,9,10,100,169,Advanced,Advanced
2085,4,9,3,30,420,Beginner,Beginner
2086,2,9,2,20,433,Advanced,Intermediate
2087,5,8,6,60,269,Advanced,Advanced
2088,4,10,5,50,427,Beginner,Beginner
2089,1,3,9,90,234,Beginner,Intermediate
2090,2,1,10,100,120,Intermediate,Advanced
2091,5,8,4,40,484,Intermediate,Beginner
2092,2,7,3,30,585,Beginner,Beginner
2093,1,5,9,90,226,Advanced,Advanced
2094,5,10,8,80,167,Intermediate,Intermediate
2095,2,7,6,60,306,Beginner,Beginner
2096,3,10,1,10,318,Intermediate,Beginner
2097,1,4,10,100,165,Beginner,Intermediate
2098,1,9,1,10,355,Beginner,Beginner
2099,1,10,6,60,448,Intermediate,Intermediate
2100,3,2,3,30,444,Beginner,Beginner
2101,3,9,3,30,391,Intermediate,Beginner
2102,4,9,6,60,301,Advanced,Advanced
2103,2,5,3,30,524,Advanced,Intermediate
2104,4,1,10,100,198,Beginner,Intermediate
2105,2,7,6,60,369,Beginner,Beginner
2106,3,10,5,50,324,Intermediate,Intermediate
2107,3,10,4,40,582,Intermediate,Beginner
2108,4,4,8,80,174,Advanced,Advanced
2109,5,9,2,20,459,Intermediate,Beginner
2110,4,6,7,70,279,Beginner,Beginner
2111,2,3,4,40,455,Intermediate,Beginner
2112,4,6,2,20,455,Advanced,Intermediate
2113,1,10,7,70,339,Advanced,Advanced
2114,2,6,1,10,501,Beginner,Beginner
2115,2,5,4,40,416,Intermediate,Beginner
2116,5,2,9,90,273,Beginner,Intermediate
2117,3,10,4,40,418,Intermediate,Beginner
2118,2,10,3,30,498,Beginner,Beginner
2119,3,2,10,100,264,Advanced,Advanced
2120,4,7,10,100,126,Intermediate,Advanced
2121,1,2,2,20,483,Advanced,Intermediate
2122,5,6,3,30,447,Advanced,Intermediate
2123,3,5,1,10,465,Beginner,Beginner
2124,2,4,10,100,194,Intermediate,Advanced
2125,3,7,8,80,177,Advanced,Advanced
2126,2,8,1,10,571,Intermediate,Beginner
2127,3,4,3,30,478,Intermediate,Beginner
2128,2,1,3,30,582,Intermediate,Beginner
2129,4,1,2,20,350,Intermediate,Beginner
2130,2,1,5,50,294,Beginner,Beginner
2131,2,1,10,100,263,Intermediate,Intermediate
2132,1,5,3,30,487,Beginner,Beginner
2133,2,4,3,30,422,Beginner,Beginner
2134,1,9,8,80,195,Beginner,Intermediate
2135,5,3,4,40,550,Beginner,Beginner
2136,1,7,4,40,429,Intermediate,Beginner
2137,4,8,3,30,551,Beginner,Beginner
2138,1,6,1,10,479,Beginner,Beginner
2139,5,10,8,80,271,Advanced,Advanced
2140,4,1,1,10,409,Advanced,Intermediate
2141,3,8,7,70,445,Advanced,Advanced
2142,3,10,5,50,431,Advanced,Advanced
2143,1,3,4,40,377,Beginner,Beginner
2144,1,8,4,40,301,Beginner,Beginner
2145,5,4,8,80,184,Beginner,Intermediate
2146,5,8,6,60,239,Advanced,Advanced
2147,2,1,1,10,589,Advanced,Intermediate
2148,5,3,10,100,160,Beginner,Intermediate
2149,2,6,8,80,142,Beginner,Intermediate
2150,4,9,2,20,593,Intermediate,Beginner
2151,1,2,6,60,391,Beginner,Beginner
2152,4,1,9,90,186,Intermediate,Advanced
2153,5,10,1,10,585,Advanced,Intermediate
2154,4,3,6,60,442,Intermediate,Intermediate
2155,4,4,8,80,206,Advanced,Advanced
2156,4,5,10,100,267,Beginner,Intermediate
2157,5,3,2,20,417,Intermediate,Beginner
2158,4,10,5,50,225,Advanced,Advanced
2159,2,2,6,60,294,Intermediate,Intermediate
2160,5,2,5,50,446,Intermediate,Intermediate
2161,4,7,3,30,431,Intermediate,Beginner
2162,5,9,4,40,392,Advanced,Intermediate
2163,3,10,7,70,229,Beginner,Intermediate
2164,2,2,4,40,350,Beginner,Beginner
2165,4,7,9,90,212,Beginner,Intermediate
2166,3,7,10,100,157,Advanced,Advanced
2167,3,7,2,20,428,Advanced,Intermediate
2168,5,3,5,50,355,Beginner,Beginner
2169,3,7,8,80,221,Beginner,Intermediate
2170,2,1,5,50,300,Advanced,Advanced
2171,2,10,10,100,202,Beginner,Intermediate
2172,1,1,8,80,262,Beginner,Intermediate
2173,2,5,8,80,150,Beginner,Intermediate
2174,3,2,9,90,140,Beginner,Intermediate
2175,2,9,10,100,250,Intermediate,Intermediate
2176,5,7,6,60,345,Intermediate,Intermediate
2177,1,4,4,40,590,Intermediate,Beginner
2178,3,4,3,30,468,Advanced,Intermediate
2179,1,2,5,50,406,Beginner,Beginner
2180,3,5,6,60,363,Beginner,Beginner
2181,5,4,3,30,483,Advanced,Intermediate
2182,1,1,2,20,344,Advanced,Intermediate
2183,4,8,7,70,278,Beginner,Intermediate
2184,3,3,5,50,397,Beginner,Beginner
2185,4,6,9,90,131,Beginner,Intermediate
2186,1,4,3,30,552,Intermediate,Beginner
2187,4,9,8,80,259,Beginner,Intermediate
2188,4,7,6,60,252,Intermediate,Intermediate
2189,1,9,4,40,511,Beginner,Beginner
2190,5,10,9,90,140,Advanced,Advanced
2191,4,3,5,50,279,Beginner,Beginner
2192,4,1,10,100,171,Intermediate,Advanced
2193,5,5,6,60,401,Beginner,Beginner
2194,4,3,9,90,242,Beginner,Intermediate
2195,4,6,7,70,325,Intermediate,Intermediate
2196,4,8,5,50,411,Advanced,Advanced
2197,2,4,2,20,399,Intermediate,Beginner
2198,5,5,4,40,513,Intermediate,Beginner
2199,4,5,2,20,434,Beginner,Beginner
2200,5,4,3,30,517,Intermediate,Beginner
2201,3,4,10,100,207,Beginner,Intermediate
2202,3,4,3,30,579,Beginner,Beginner
2203,4,4,4,40,339,Advanced,Intermediate
2204,5,4,6,60,295,Advanced,Advanced
2205,5,5,3,30,435,Intermediate,Beginner
2206,5,2,10,100,128,Advanced,Advanced
2207,2,2,1,10,558,Advanced,Intermediate
2208,3,9,1,10,481,Beginner,Beginner
2209,5,2,9,90,140,Advanced,Advanced
2210,5,6,9,90,214,Intermediate,Advanced
2211,2,2,5,50,395,Advanced,Advanced
2212,2,5,9,90,135,Intermediate,Advanced
2213,5,4,7,70,421,Intermediate,Intermediate
2214,1,7,9,90,226,Intermediate,Advanced
2215,5,7,7,70,437,Beginner,Intermediate
2216,5,6,9,90,212,Advanced,Advanced
2217,2,10,2,20,432,Beginner,Beginner
2218,2,5,8,80,258,Beginner,Intermediate
2219,5,1,7,70,376,Beginner,Beginner
2220,5,3,6,60,298,Beginner,Beginner
2221,5,9,5,50,289,Beginner,Beginner
2222,2,1,4,40,314,Beginner,Beginner
2223,5,5,7,70,431,Intermediate,Intermediate
2224,5,2,3,30,589,Intermediate,Beginner
2225,4,4,8,80,179,Beginner,Intermediate
2226,1,1,2,20,551,Beginner,Beginner
2227,3,3,1,10,301,Advanced,Intermediate
2228,1,10,2,20,535,Beginner,Beginner
2229,4,7,9,90,199,Beginner,Intermediate
2230,3,10,5,50,238,Beginner,Beginner
2231,5,3,8,80,168,Beginner,Intermediate
2232,4,4,3,30,377,Intermediate,Beginner
2233,5,2,7,70,435,Beginner,Beginner
2234,2,3,2,20,327,Intermediate,Beginner
2235,4,9,8,80,167,Beginner,Intermediate
2236,2,3,7,70,315,Intermediate,Intermediate
2237,4,5,5,50,384,Advanced,Advanced
2238,4,2,4,40,475,Beginner,Beginner
2239,2,4,1,10,372,Beginner,Beginner
2240,3,7,5,50,435,Beginner,Beginner
2241,1,7,9,90,219,Intermediate,Advanced
2242,5,3,10,100,148,Beginner,Intermediate
2243,4,5,4,40,456,Intermediate,Beginner
2244,5,1,9,90,177,Beginner,Intermediate
2245,2,10,2,20,578,Beginner,Beginner
2246,5,10,4,40,582,Beginner,Beginner
2247,2,10,9,90,126,Beginner,Intermediate
2248,5,1,4,40,481,Beginner,Beginner
2249,1,5,5,50,328,Beginner,Beginner
2250,1,10,8,80,187,Intermediate,Intermediate
2251,1,9,1,10,505,Beginner,Beginner
2252,1,1,1,10,533,Intermediate,Beginner
2253,1,1,9,90,273,Intermediate,Intermediate
2254,1,4,9,90,270,Intermediate,Intermediate
2255,2,4,4,40,307,Advanced,Intermediate
2256,4,2,2,20,352,Beginner,Beginner
2257,5,9,9,90,261,Beginner,Intermediate
2258,1,9,4,40,498,Intermediate,Beginner
2259,2,2,6,60,354,Intermediate,Intermediate
2260,2,9,1,10,436,Intermediate,Beginner
2261,2,6,9,90,122,Beginner,Intermediate
2262,4,8,5,50,297,Intermediate,Intermediate
2263,5,10,3,30,471,Advanced,Intermediate
2264,4,4,4,40,385,Beginner,Beginner
2265,3,2,1,10,345,Advanced,Intermediate
2266,2,2,9,90,209,Beginner,Intermediate
2267,3,9,8,80,275,Beginner,Intermediate
2268,1,1,4,40,308,Beginner,Beginner
2269,1,7,2,20,414,Intermediate,Beginner
2270,4,3,9,90,273,Intermediate,Intermediate
2271,5,3,4,40,429,Intermediate,Beginner
2272,3,2,9,90,194,Intermediate,Advanced
2273,5,10,10,100,200,Beginner,Intermediate
2274,4,6,3,30,589,Beginner,Beginner
2275,1,10,7,70,366,Beginner,Intermediate
2276,5,2,7,70,258,Advanced,Advanced
2277,5,10,10,100,132,Beginner,Intermediate
2278,1,4,4,40,432,Advanced,Intermediate
2279,3,10,2,20,349,Beginner,Beginner
2280,1,9,9,90,142,Beginner,Intermediate
2281,5,9,4,40,387,Beginner,Beginner
2282,3,6,8,80,276,Beginner,Intermediate
2283,3,4,2,20,411,Advanced,Intermediate
2284,1,7,8,80,230,Intermediate,Intermediate
2285,5,1,10,100,191,Advanced,Advanced
2286,4,4,5,50,373,Advanced,Advanced
2287,5,5,7,70,426,Intermediate,Intermediate
2288,2,8,7,70,276,Intermediate,Intermediate
2289,4,2,9,90,120,Intermediate,Advanced
2290,3,5,3,30,455,Intermediate,Beginner
2291,4,6,10,100,232,Beginner,Intermediate
2292,3,5,4,40,346,Intermediate,Beginner
2293,3,9,10,100,197,Intermediate,Advanced
2294,4,10,4,40,405,Beginner,Beginner
2295,3,1,10,100,278,Intermediate,Intermediate
2296,3,3,5,50,417,Advanced,Advanced
2297,2,2,6,60,345,Intermediate,Intermediate
2298,5,3,3,30,476,Intermediate,Beginner
2299,5,10,4,40,560,Beginner,Beginner
2300,2,9,3,30,586,Advanced,Intermediate
2301,4,9,2,20,592,Beginner,Beginner
2302,1,10,10,100,198,Advanced,Advanced
2303,1,2,9,90,262,Advanced,Advanced
2304,1,3,1,10,496,Advanced,Intermediate
2305,2,4,2,20,524,Beginner,Beginner
2306,2,9,8,80,258,Beginner,Intermediate
2307,3,3,7,70,262,Advanced,Advanced
2308,1,7,1,10,450,Advanced,Intermediate
2309,4,3,5,50,259,Advanced,Advanced
2310,4,7,10,100,182,Intermediate,Advanced
2311,1,7,6,60,349,Intermediate,Intermediate
2312,1,9,5,50,426,Beginner,Beginner
2313,1,2,4,40,513,Advanced,Intermediate
2314,2,6,1,10,372,Intermediate,Beginner
2315,2,9,7,70,394,Beginner,Intermediate
2316,2,2,9,90,223,Beginner,Intermediate
2317,5,2,6,60,377,Intermediate,Intermediate
2318,4,5,3,30,571,Intermediate,Beginner
2319,4,10,10,100,178,Beginner,Intermediate
2320,3,10,4,40,537,Beginner,Beginner
2321,2,10,10,100,166,Beginner,Intermediate
2322,5,8,5,50,335,Beginner,Beginner
2323,5,9,1,10,457,Advanced,Intermediate
2324,4,2,5,50,328,Intermediate,Intermediate
2325,2,5,1,10,308,Intermediate,Beginner
2326,3,7,9,90,184,Advanced,Advanced
2327,2,6,7,70,278,Beginner,Beginner
2328,1,6,3,30,491,Advanced,Intermediate
2329,2,7,9,90,255,Advanced,Advanced
2330,1,3,2,20,550,Intermediate,Beginner
2331,1,3,7,70,342,Intermediate,Intermediate
2332,3,10,9,90,265,Intermediate,Intermediate
2333,4,9,6,60,310,Advanced,Advanced
2334,2,8,10,100,215,Beginner,Intermediate
2335,1,5,5,50,277,Beginner,Beginner
2336,2,6,7,70,396,Advanced,Advanced
2337,4,10,6,60,251,Advanced,Advanced
2338,4,1,5,50,267,Intermediate,Intermediate
2339,5,10,2,20,399,Beginner,Beginner
2340,4,1,8,80,165,Beginner,Intermediate
2341,3,4,7,70,443,Intermediate,Intermediate
2342,1,2,6,60,378,Advanced,Advanced
2343,5,7,5,50,384,Beginner,Beginner
2344,3,2,5,50,363,Intermediate,Intermediate
2345,2,10,9,90,245,Advanced,Advanced
2346,1,2,1,10,420,Beginner,Beginner
2347,4,5,9,90,207,Advanced,Advanced
2348,1,4,6,60,436,Beginner,Beginner
2349,2,8,4,40,360,Advanced,Intermediate
2350,5,4,10,100,165,Advanced,Advanced
2351,5,6,7,70,398,Beginner,Beginner
2352,5,5,9,90,200,Advanced,Advanced
2353,4,2,5,50,389,Advanced,Advanced
2354,3,8,5,50,264,Advanced,Advanced
2355,3,2,8,80,237,Intermediate,Intermediate
2356,1,9,7,70,415,Intermediate,Intermediate
2357,4,9,8,80,166,Beginner,Intermediate
2358,5,3,10,100,277,Beginner,Intermediate
2359,5,4,2,20,493,Intermediate,Beginner
2360,2,8,9,90,142,Beginner,Intermediate
2361,2,9,3,30,568,Intermediate,Beginner
2362,5,3,6,60,444,Intermediate,Intermediate
2363,5,5,6,60,418,Advanced,Advanced
2364,4,8,2,20,523,Advanced,Intermediate
2365,3,3,7,70,226,Beginner,Beginner
2366,2,7,9,90,260,Intermediate,Intermediate
2367,3,8,10,100,147,Advanced,Advanced
2368,4,10,1,10,406,Beginner,Beginner
2369,5,3,8,80,217,Beginner,Intermediate
2370,3,2,2,20,529,Advanced,Intermediate
2371,5,10,1,10,556,Beginner,Beginner
2372,5,7,8,80,162,Advanced,Advanced
2373,1,9,2,20,541,Advanced,Intermediate
2374,3,1,6,60,261,Intermediate,Intermediate
2375,3,3,6,60,314,Advanced,Advanced
2376,5,5,5,50,397,Beginner,Beginner
2377,4,3,8,80,248,Advanced,Advanced
2378,1,1,3,30,466,Advanced,Intermediate
2379,5,7,10,100,134,Beginner,Intermediate
2380,2,7,4,40,424,Intermediate,Beginner
2381,2,10,7,70,380,Intermediate,Intermediate
2382,1,8,7,70,306,Beginner,Intermediate
2383,4,5,8,80,172,Advanced,Advanced
2384,5,10,2,20,525,Intermediate,Beginner
2385,3,5,2,20,444,Intermediate,Beginner
2386,1,5,4,40,547,Beginner,Beginner
2387,4,1,10,100,225,Intermediate,Advanced
2388,3,10,9,90,125,Advanced,Advanced
2389,2,5,10,100,150,Intermediate,Advanced
2390,2,6,9,90,159,Advanced,Advanced
2391,3,1,4,40,434,Intermediate,Beginner
2392,1,7,9,90,132,Beginner,Intermediate
2393,2,1,3,30,303,Intermediate,Beginner
2394,5,2,5,50,397,Beginner,Beginner
2395,3,2,10,100,122,Beginner,Intermediate
2396,3,5,9,90,259,Beginner,Intermediate
2397,2,10,6,60,284,Advanced,Advanced
2398,1,7,3,30,582,Advanced,Intermediate
2399,5,1,10,100,226,Beginner,Intermediate
2400,1,10,9,90,169,Beginner,Intermediate
2401,4,1,6,60,424,Beginner,Beginner
2402,4,1,4,40,316,Advanced,Intermediate
2403,2,6,4,40,499,Intermediate,Beginner
2404,2,2,8,80,151,Intermediate,Intermediate
2405,2,1,7,70,431,Intermediate,Intermediate
2406,4,6,1,10,572,Intermediate,Beginner
2407,1,2,6,60,253,Beginner,Beginner
2408,1,6,8,80,154,Beginner,Intermediate
2409,2,10,3,30,533,Beginner,Beginner
2410,5,8,9,90,271,Intermediate,Intermediate
2411,1,2,10,100,265,Advanced,Advanced
2412,4,9,2,20,349,Beginner,Beginner
2413,3,8,6,60,393,Beginner,Beginner
2414,3,10,1,10,402,Advanced,Intermediate
2415,3,1,2,20,332,Beginner,Beginner
2416,5,7,5,50,434,Beginner,Beginner
2417,2,10,1,10,388,Advanced,Intermediate
2418,4,6,8,80,274,Intermediate,Intermediate
2419,5,6,1,10,540,Intermediate,Beginner
2420,4,6,9,90,129,Advanced,Advanced
2421,4,6,10,100,272,Intermediate,Intermediate
2422,2,10,3,30,356,Beginner,Beginner
2423,3,7,2,20,411,Intermediate,Beginner
2424,2,3,1,10,314,Intermediate,Beginner
2425,5,6,9,90,275,Advanced,Advanced
2426,5,3,4,40,568,Advanced,Intermediate
2427,5,7,1,10,413,Beginner,Beginner
2428,2,7,1,10,551,Intermediate,Beginner
2429,4,8,7,70,337,Beginner,Intermediate
2430,4,2,2,20,441,Beginner,Beginner
2431,1,9,7,70,333,Intermediate,Intermediate
2432,5,5,7,70,413,Intermediate,Intermediate
2433,4,9,10,100,153,Intermediate,Advanced
2434,1,10,9,90,220,Intermediate,Advanced
2435,4,5,7,70,244,Advanced,Advanced
2436,5,7,1,10,554,Advanced,Intermediate
2437,3,9,8,80,131,Intermediate,Intermediate
2438,5,4,8,80,245,Beginner,Intermediate
2439,2,2,4,40,549,Advanced,Intermediate
2440,4,9,8,80,150,Advanced,Advanced
2441,4,2,4,40,352,Beginner,Beginner
2442,2,3,8,80,231,Intermediate,Intermediate
2443,2,10,5,50,262,Advanced,Advanced
2444,3,2,4,40,465,Intermediate,Beginner
2445,4,3,6,60,261,Intermediate,Intermediate
2446,4,6,2,20,475,Beginner,Beginner
2447,3,3,2,20,366,Intermediate,Beginner
2448,1,10,2,20,365,Intermediate,Beginner
2449,3,8,9,90,263,Beginner,Intermediate
2450,5,6,10,100,202,Intermediate,Advanced
2451,4,7,3,30,404,Beginner,Beginner
2452,2,1,10,100,263,Intermediate,Intermediate
2453,5,3,4,40,586,Advanced,Intermediate
2454,4,3,10,100,237,Intermediate,Advanced
2455,3,2,8,80,147,Intermediate,Intermediate
2456,5,7,4,40,303,Intermediate,Beginner
2457,4,9,10,100,257,Beginner,Intermediate
2458,1,4,10,100,137,Advanced,Advanced
2459,1,5,7,70,266,Beginner,Beginner
2460,2,3,5,50,379,Beginner,Beginner
2461,4,9,9,90,277,Intermediate,Intermediate
2462,1,4,4,40,308,Intermediate,Beginner
2463,3,5,3,30,328,Beginner,Beginner
2464,4,1,2,20,443,Beginner,Beginner
2465,3,2,1,10,448,Advanced,Intermediate
2466,3,9,6,60,283,Beginner,Beginner
2467,1,2,10,100,230,Beginner,Intermediate
2468,4,5,2,20,486,Beginner,Beginner
2469,5,8,8,80,229,Beginner,Intermediate
2470,1,3,6,60,446,Intermediate,Intermediate
2471,1,6,5,50,337,Intermediate,Intermediate
2472,4,4,2,20,553,Advanced,Intermediate
2473,4,7,7,70,250,Beginner,Intermediate
2474,3,10,2,20,460,Beginner,Beginner
2475,4,3,5,50,434,Beginner,Beginner
2476,3,6,2,20,468,Beginner,Beginner
2477,1,10,10,100,200,Beginner,Intermediate
2478,2,9,2,20,345,Beginner,Beginner
2479,5,10,7,70,268,Beginner,Intermediate
2480,1,1,9,90,161,Intermediate,Advanced
2481,4,3,5,50,370,Beginner,Beginner
2482,5,2,7,70,331,Beginner,Beginner
2483,2,8,4,40,582,Beginner,Beginner
2484,2,7,2,20,387,Beginner,Beginner
2485,3,2,3,30,420,Intermediate,Beginner
2486,5,6,2,20,302,Beginner,Beginner
2487,3,3,5,50,279,Beginner,Beginner
2488,1,8,6,60,423,Beginner,Beginner
2489,5,10,7,70,446,Beginner,Intermediate
2490,1,3,3,30,378,Advanced,Intermediate
2491,3,10,4,40,444,Advanced,Intermediate
2492,5,9,8,80,151,Beginner,Intermediate
2493,3,1,4,40,562,Intermediate,Beginner
2494,5,5,7,70,430,Beginner,Beginner
2495,3,3,6,60,290,Beginner,Beginner
2496,2,6,7,70,347,Beginner,Beginner
2497,3,10,1,10,496,Advanced,Intermediate
2498,2,2,3,30,357,Beginner,Beginner
2499,3,9,6,60,387,Advanced,Advanced
2500,5,6,3,30,411,Intermediate,Beginner
2501,5,7,7,70,267,Beginner,Intermediate
2502,5,5,9,90,230,Advanced,Advanced
2503,4,9,3,30,464,Advanced,Intermediate
2504,1,1,1,10,514,Advanced,Intermediate
2505,5,5,10,100,194,Intermediate,Advanced
2506,2,10,6,60,293,Beginner,Beginner
2507,5,6,1,10,420,Beginner,Beginner
2508,4,7,1,10,512,Beginner,Beginner
2509,2,4,8,80,174,Intermediate,Intermediate
2510,4,1,9,90,160,Advanced,Advanced
2511,2,8,2,20,588,Intermediate,Beginner
2512,3,10,9,90,153,Advanced,Advanced
2513,1,4,5,50,281,Beginner,Beginner
2514,1,3,8,80,138,Intermediate,Intermediate
2515,4,7,7,70,390,Advanced,Advanced
2516,1,2,7,70,416,Intermediate,Intermediate
2517,4,8,4,40,490,Intermediate,Beginner
2518,4,6,2,20,520,Intermediate,Beginner
2519,4,7,5,50,229,Intermediate,Intermediate
2520,1,5,3,30,419,Advanced,Intermediate
2521,4,9,9,90,242,Intermediate,Advanced
2522,1,5,6,60,323,Beginner,Beginner
2523,4,5,1,10,520,Intermediate,Beginner
2524,5,3,3,30,560,Beginner,Beginner
2525,4,1,4,40,357,Intermediate,Beginner
2526,2,2,9,90,178,Beginner,Intermediate
2527,4,8,6,60,423,Advanced,Advanced
2528,3,1,4,40,427,Advanced,Intermediate
2529,4,7,1,10,486,Beginner,Beginner
2530,2,5,8,80,205,Beginner,Intermediate
2531,2,3,2,20,403,Intermediate,Beginner
2532,1,7,8,80,262,Advanced,Advanced
2533,5,9,6,60,424,Beginner,Beginner
2534,4,2,8,80,248,Beginner,Intermediate
2535,1,8,6,60,257,Intermediate,Intermediate
2536,5,9,5,50,326,Intermediate,Intermediate
2537,4,3,5,50,328,Beginner,Beginner
2538,3,2,10,100,172,Intermediate,Advanced
2539,4,7,10,100,171,Advanced,Advanced
2540,2,5,8,80,120,Beginner,Intermediate
2541,2,5,7,70,230,Intermediate,Intermediate
2542,3,10,8,80,177,Beginner,Intermediate
2543,1,5,8,80,247,Beginner,Intermediate
2544,5,4,7,70,387,Beginner,Beginner
2545,4,5,2,20,513,Intermediate,Beginner
2546,2,4,9,90,163,Advanced,Advanced
2547,1,6,7,70,225,Intermediate,Intermediate
2548,3,4,6,60,375,Beginner,Beginner
2549,2,2,9,90,278,Beginner,Intermediate
2550,3,9,1,10,307,Intermediate,Beginner
2551,4,2,2,20,304,Beginner,Beginner
2552,5,9,1,10,481,Beginner,Beginner
2553,2,10,10,100,231,Intermediate,Advanced
2554,2,6,3,30,572,Advanced,Intermediate
2555,4,9,5,50,385,Beginner,Beginner
2556,1,9,1,10,564,Intermediate,Beginner
2557,5,3,4,40,511,Beginner,Beginner
2558,2,1,8,80,197,Intermediate,Intermediate
2559,5,1,6,60,233,Intermediate,Intermediate
2560,2,3,1,10,453,Advanced,Intermediate
2561,5,5,1,10,520,Intermediate,Beginner
2562,3,3,3,30,324,Beginner,Beginner
2563,2,9,10,100,217,Beginner,Intermediate
2564,5,9,8,80,122,Beginner,Intermediate
2565,1,3,8,80,258,Intermediate,Intermediate
2566,3,3,3,30,411,Advanced,Intermediate
2567,3,5,7,70,405,Intermediate,Intermediate
2568,1,2,3,30,491,Intermediate,Beginner
2569,5,6,4,40,346,Beginner,Beginner
2570,4,7,9,90,169,Intermediate,Advanced
2571,1,9,4,40,496,Beginner,Beginner
2572,5,6,3,30,515,Beginner,Beginner
2573,1,3,5,50,376,Intermediate,Intermediate
2574,1,5,7,70,440,Advanced,Advanced
2575,2,4,5,50,343,Beginner,Beginner
2576,5,5,4,40,389,Intermediate,Beginner
2577,4,8,8,80,186,Advanced,Advanced
2578,2,8,4,40,557,Beginner,Beginner
2579,1,6,2,20,452,Advanced,Intermediate
2580,1,1,10,100,266,Beginner,Intermediate
2581,1,8,6,60,387,Beginner,Beginner
2582,5,8,2,20,557,Beginner,Beginner
2583,5,2,3,30,364,Beginner,Beginner
2584,2,4,1,10,489,Intermediate,Beginner
2585,4,2,5,50,310,Advanced,Advanced
2586,2,4,9,90,235,Beginner,Intermediate
2587,3,10,2,20,348,Beginner,Beginner
2588,1,7,7,70,446,Beginner,Intermediate
2589,1,9,5,50,288,Intermediate,Intermediate
2590,1,8,2,20,425,Beginner,Beginner
2591,2,9,8,80,172,Intermediate,Intermediate
2592,2,8,6,60,331,Intermediate,Intermediate
2593,1,2,4,40,458,Intermediate,Beginner
2594,2,7,4,40,539,Advanced,Intermediate
2595,5,2,2,20,449,Beginner,Beginner
2596,5,2,3,30,438,Advanced,Intermediate
2597,2,4,7,70,381,Beginner,Beginner
2598,1,1,3,30,412,Beginner,Beginner
2599,2,5,5,50,362,Advanced,Advanced
2600,2,6,10,100,233,Intermediate,Advanced
2601,2,9,6,60,357,Advanced,Advanced
2602,3,10,6,60,449,Beginner,Beginner
2603,5,8,4,40,330,Advanced,Intermediate
2604,4,2,6,60,256,Beginner,Beginner
2605,4,1,3,30,407,Beginner,Beginner
2606,3,2,7,70,247,Beginner,Beginner
2607,2,7,7,70,378,Advanced,Advanced
2608,3,4,4,40,313,Intermediate,Beginner
2609,3,10,2,20,421,Intermediate,Beginner
2610,1,5,7,70,434,Beginner,Beginner
2611,5,7,3,30,571,Beginner,Beginner
2612,4,3,1,10,324,Beginner,Beginner
2613,2,10,2,20,593,Intermediate,Beginner
2614,4,2,10,100,222,Intermediate,Advanced
2615,4,7,9,90,217,Intermediate,Advanced
2616,5,5,8,80,234,Advanced,Advanced
2617,4,1,6,60,259,Beginner,Beginner
2618,4,1,6,60,283,Beginner,Beginner
2619,3,9,1,10,388,Intermediate,Beginner
2620,5,5,2,20,399,Intermediate,Beginner
2621,1,1,4,40,443,Intermediate,Beginner
2622,2,7,3,30,381,Advanced,Intermediate
2623,4,9,1,10,376,Intermediate,Beginner
2624,2,1,8,80,178,Beginner,Intermediate
2625,1,10,7,70,448,Beginner,Intermediate
2626,2,4,4,40,390,Advanced,Intermediate
2627,1,3,9,90,217,Intermediate,Advanced
2628,3,5,4,40,300,Beginner,Beginner
2629,4,7,1,10,568,Beginner,Beginner
2630,1,8,10,100,149,Intermediate,Advanced
2631,2,2,1,10,496,Intermediate,Beginner
2632,4,7,1,10,573,Beginner,Beginner
2633,3,1,1,10,377,Intermediate,Beginner
2634,4,7,4,40,440,Beginner,Beginner
2635,1,8,1,10,587,Advanced,Intermediate
2636,3,2,2,20,370,Beginner,Beginner
2637,2,9,4,40,349,Intermediate,Beginner
2638,3,1,7,70,418,Intermediate,Intermediate
2639,3,6,2,20,379,Beginner,Beginner
2640,5,1,8,80,150,Intermediate,Intermediate
2641,3,3,7,70,270,Beginner,Beginner
2642,3,6,9,90,274,Intermediate,Intermediate
2643,4,3,6,60,279,Intermediate,Intermediate
2644,2,8,4,40,332,Beginner,Beginner
2645,4,5,6,60,400,Beginner,Beginner
2646,4,2,4,40,426,Advanced,Intermediate
2647,1,4,7,70,440,Beginner,Beginner
2648,4,9,9,90,245,Intermediate,Advanced
2649,5,4,3,30,340,Beginner,Beginner
2650,5,10,3,30,574,Advanced,Intermediate
2651,1,10,2,20,384,Intermediate,Beginner
2652,2,8,1,10,388,Intermediate,Beginner
2653,2,5,1,10,341,Beginner,Beginner
2654,4,10,3,30,419,Beginner,Beginner
2655,4,1,7,70,242,Beginner,Beginner
2656,4,7,9,90,152,Beginner,Intermediate
2657,2,3,2,20,575,Intermediate,Beginner
2658,3,10,7,70,372,Intermediate,Intermediate
2659,5,8,1,10,389,Beginner,Beginner
2660,3,3,2,20,403,Intermediate,Beginner
2661,3,1,6,60,399,Beginner,Beginner
2662,2,5,5,50,231,Beginner,Beginner
2663,3,2,8,80,279,Advanced,Advanced
2664,1,4,2,20,495,Intermediate,Beginner
2665,4,1,1,10,561,Intermediate,Beginner
2666,1,9,7,70,310,Beginner,Intermediate
2667,5,6,6,60,416,Beginner,Beginner
2668,4,8,8,80,188,Beginner,Intermediate
2669,3,4,8,80,242,Advanced,Advanced
2670,5,9,2,20,513,Intermediate,Beginner
2671,4,2,8,80,265,Beginner,Intermediate
2672,3,9,6,60,334,Advanced,Advanced
2673,1,5,9,90,273,Intermediate,Intermediate
2674,4,6,7,70,433,Advanced,Advanced
2675,3,3,2,20,360,Beginner,Beginner
2676,1,4,8,80,226,Beginner,Intermediate
2677,5,6,9,90,197,Beginner,Intermediate
2678,5,7,7,70,314,Beginner,Intermediate
2679,5,1,4,40,515,Advanced,Intermediate
2680,5,7,9,90,167,Intermediate,Advanced
2681,2,1,4,40,499,Intermediate,Beginner
2682,4,5,4,40,330,Advanced,Intermediate
2683,4,6,9,90,153,Beginner,Intermediate
2684,2,2,8,80,206,Advanced,Advanced
2685,3,10,4,40,434,Advanced,Intermediate
2686,3,9,8,80,202,Intermediate,Intermediate
2687,5,10,8,80,254,Beginner,Intermediate
2688,1,6,7,70,266,Intermediate,Intermediate
2689,3,7,10,100,255,Beginner,Intermediate
2690,1,10,6,60,425,Advanced,Advanced
2691,4,8,8,80,248,Beginner,Intermediate
2692,1,10,7,70,344,Intermediate,Intermediate
2693,4,1,5,50,296,Intermediate,Intermediate
2694,2,8,4,40,558,Beginner,Beginner
2695,2,4,2,20,391,Beginner,Beginner
2696,5,10,8,80,262,Beginner,Intermediate
2697,3,8,9,90,219,Intermediate,Advanced
2698,5,6,4,40,494,Advanced,Intermediate
2699,4,9,4,40,491,Beginner,Beginner
2700,5,4,5,50,287,Advanced,Advanced
2701,1,2,2,20,541,Beginner,Beginner
2702,4,2,7,70,309,Intermediate,Intermediate
2703,2,5,5,50,308,Advanced,Advanced
2704,3,10,6,60,229,Beginner,Beginner
2705,4,9,4,40,563,Advanced,Intermediate
2706,4,3,8,80,131,Intermediate,Intermediate
2707,1,8,8,80,183,Beginner,Intermediate
2708,3,4,5,50,337,Advanced,Advanced
2709,2,6,6,60,278,Beginner,Beginner
2710,4,10,3,30,494,Beginner,Beginner
2711,4,6,1,10,349,Intermediate,Beginner
2712,1,3,9,90,270,Advanced,Advanced
2713,5,5,9,90,159,Advanced,Advanced
2714,2,3,3,30,396,Beginner,Beginner
2715,3,1,4,40,426,Advanced,Intermediate
2716,4,7,7,70,306,Intermediate,Intermediate
2717,4,4,2,20,376,Advanced,Intermediate
2718,2,7,3,30,503,Beginner,Beginner
2719,5,3,6,60,446,Intermediate,Intermediate
2720,4,5,8,80,265,Advanced,Advanced
2721,2,5,1,10,448,Beginner,Beginner
2722,1,2,4,40,410,Advanced,Intermediate
2723,5,10,1,10,428,Beginner,Beginner
2724,3,2,2,20,552,Beginner,Beginner
2725,4,4,8,80,160,Advanced,Advanced
2726,2,4,6,60,389,Advanced,Advanced
2727,1,4,9,90,256,Beginner,Intermediate
2728,3,6,2,20,578,Beginner,Beginner
2729,2,2,3,30,310,Advanced,Intermediate
2730,2,6,9,90,190,Advanced,Advanced
2731,3,7,9,90,278,Intermediate,Intermediate
2732,1,10,6,60,435,Intermediate,Intermediate
2733,1,3,3,30,325,Advanced,Intermediate
2734,5,8,5,50,249,Beginner,Beginner
2735,4,2,2,20,461,Advanced,Intermediate
2736,3,8,7,70,393,Beginner,Intermediate
2737,3,5,10,100,221,Intermediate,Advanced
2738,3,2,8,80,188,Intermediate,Intermediate
2739,1,7,6,60,352,Intermediate,Intermediate
2740,4,2,8,80,275,Intermediate,Intermediate
2741,5,6,2,20,360,Advanced,Intermediate
2742,2,10,3,30,578,Intermediate,Beginner
2743,2,3,7,70,393,Advanced,Advanced
2744,3,9,10,100,232,Beginner,Intermediate
2745,4,3,1,10,329,Advanced,Intermediate
2746,1,3,7,70,286,Beginner,Beginner
2747,4,5,6,60,439,Beginner,Beginner
2748,4,7,8,80,250,Beginner,Intermediate
2749,1,8,7,70,416,Intermediate,Intermediate
2750,3,7,4,40,469,Advanced,Intermediate
2751,4,9,3,30,485,Intermediate,Beginner
2752,2,5,3,30,356,Beginner,Beginner
2753,1,10,4,40,539,Beginner,Beginner
2754,5,3,9,90,120,Intermediate,Advanced
2755,3,6,9,90,221,Beginner,Intermediate
2756,1,5,2,20,500,Beginner,Beginner
2757,5,4,5,50,407,Intermediate,Intermediate
2758,5,2,1,10,405,Advanced,Intermediate
2759,4,7,4,40,589,Intermediate,Beginner
2760,4,5,2,20,400,Beginner,Beginner
2761,4,4,8,80,216,Advanced,Advanced
2762,1,8,4,40,452,Intermediate,Beginner
2763,1,9,5,50,389,Advanced,Advanced
2764,3,9,4,40,328,Beginner,Beginner
2765,4,3,5,50,372,Intermediate,Intermediate
2766,5,3,5,50,401,Advanced,Advanced
2767,2,5,5,50,342,Beginner,Beginner
2768,3,5,3,30,372,Intermediate,Beginner
2769,1,10,7,70,414,Beginner,Intermediate
2770,3,2,3,30,303,Intermediate,Beginner
2771,3,1,2,20,536,Advanced,Intermediate
2772,3,8,3,30,337,Intermediate,Beginner
2773,3,3,3,30,319,Advanced,Intermediate
2774,2,1,8,80,232,Intermediate,Intermediate
2775,4,1,4,40,322,Advanced,Intermediate
2776,5,2,3,30,435,Intermediate,Beginner
2777,3,6,10,100,164,Beginner,Intermediate
2778,3,6,5,50,316,Intermediate,Intermediate
2779,3,3,4,40,332,Intermediate,Beginner
2780,4,4,9,90,254,Advanced,Advanced
2781,1,2,8,80,141,Intermediate,Intermediate
2782,1,2,7,70,352,Intermediate,Intermediate
2783,2,7,8,80,134,Advanced,Advanced
2784,1,1,5,50,240,Advanced,Advanced
2785,3,7,4,40,425,Intermediate,Beginner
2786,3,1,7,70,308,Advanced,Advanced
2787,3,6,1,10,316,Intermediate,Beginner
2788,2,3,6,60,275,Beginner,Beginner
2789,3,8,8,80,169,Beginner,Intermediate
2790,1,6,7,70,354,Advanced,Advanced
2791,4,2,2,20,417,Beginner,Beginner
2792,4,8,7,70,341,Intermediate,Intermediate
2793,5,5,6,60,269,Advanced,Advanced
2794,1,8,5,50,279,Beginner,Beginner
2795,3,8,4,40,424,Advanced,Intermediate
2796,4,6,1,10,415,Advanced,Intermediate
2797,1,2,2,20,472,Advanced,Intermediate
2798,4,8,7,70,406,Beginner,Intermediate
2799,3,6,10,100,207,Beginner,Intermediate
2800,4,6,3,30,502,Advanced,Intermediate
2801,5,8,5,50,324,Beginner,Beginner
2802,5,1,8,80,174,Intermediate,Intermediate
2803,4,2,8,80,183,Intermediate,Intermediate
2804,1,9,6,60,412,Beginner,Beginner
2805,1,8,5,50,401,Advanced,Advanced
2806,1,7,2,20,467,Intermediate,Beginner
2807,4,7,9,90,163,Beginner,Intermediate
2808,1,5,1,10,429,Beginner,Beginner
2809,3,2,2,20,448,Beginner,Beginner
2810,5,6,1,10,508,Beginner,Beginner
2811,3,10,4,40,410,Intermediate,Beginner
2812,1,3,4,40,436,Beginner,Beginner
2813,3,4,5,50,318,Beginner,Beginner
2814,1,10,5,50,367,Advanced,Advanced
2815,4,2,8,80,265,Intermediate,Intermediate
2816,3,2,3,30,383,Beginner,Beginner
2817,4,8,6,60,249,Advanced,Advanced
2818,4,8,3,30,364,Beginner,Beginner
2819,2,10,2,20,323,Advanced,Intermediate
2820,1,6,8,80,209,Intermediate,Intermediate
2821,5,5,1,10,405,Intermediate,Beginner
2822,1,8,9,90,276,Advanced,Advanced
2823,5,4,7,70,296,Intermediate,Intermediate
2824,1,4,10,100,187,Advanced,Advanced
2825,4,5,4,40,391,Advanced,Intermediate
2826,3,1,3,30,387,Beginner,Beginner
2827,3,1,6,60,428,Intermediate,Intermediate
2828,2,2,9,90,169,Advanced,Advanced
2829,5,8,9,90,222,Intermediate,Advanced
2830,5,7,4,40,345,Advanced,Intermediate
2831,5,10,10,100,130,Intermediate,Advanced
2832,4,9,5,50,231,Intermediate,Intermediate
2833,5,5,9,90,260,Beginner,Intermediate
2834,3,2,2,20,307,Beginner,Beginner
2835,4,7,2,20,564,Intermediate,Beginner
2836,1,8,5,50,439,Intermediate,Intermediate
2837,5,7,1,10,377,Intermediate,Beginner
2838,5,7,8,80,260,Intermediate,Intermediate
2839,1,5,5,50,221,Intermediate,Intermediate
2840,5,2,10,100,193,Advanced,Advanced
2841,1,6,2,20,430,Beginner,Beginner
2842,4,4,9,90,253,Intermediate,Intermediate
2843,3,10,2,20,560,Beginner,Beginner
2844,1,2,7,70,350,Intermediate,Intermediate
2845,2,9,8,80,257,Beginner,Intermediate
2846,1,7,6,60,390,Beginner,Beginner
2847,5,6,7,70,366,Beginner,Beginner
2848,4,5,1,10,569,Beginner,Beginner
2849,4,3,4,40,448,Intermediate,Beginner
2850,1,10,7,70,343,Advanced,Advanced
2851,3,10,1,10,327,Beginner,Beginner
2852,2,4,1,10,448,Intermediate,Beginner
2853,4,3,6,60,383,Intermediate,Intermediate
2854,5,8,4,40,579,Beginner,Beginner
2855,5,3,3,30,481,Beginner,Beginner
2856,3,7,5,50,385,Beginner,Beginner
2857,4,7,9,90,136,Advanced,Advanced
2858,1,7,10,100,269,Beginner,Intermediate
2859,5,7,10,100,202,Beginner,Intermediate
2860,3,2,10,100,164,Beginner,Intermediate
2861,4,10,3,30,488,Intermediate,Beginner
2862,4,3,5,50,358,Intermediate,Intermediate
2863,4,10,10,100,180,Beginner,Intermediate
2864,4,9,5,50,257,Intermediate,Intermediate
2865,4,3,9,90,185,Intermediate,Advanced
2866,5,2,10,100,152,Beginner,Intermediate
2867,3,9,4,40,411,Beginner,Beginner
2868,4,10,1,10,590,Intermediate,Beginner
2869,2,9,10,100,156,Intermediate,Advanced
2870,2,4,5,50,394,Intermediate,Intermediate
2871,3,9,1,10,399,Intermediate,Beginner
2872,1,3,6,60,242,Beginner,Beginner
2873,1,7,10,100,208,Beginner,Intermediate
2874,1,7,10,100,134,Intermediate,Advanced
2875,2,8,7,70,384,Intermediate,Intermediate
2876,1,10,1,10,536,Beginner,Beginner
2877,5,4,10,100,251,Advanced,Advanced
2878,4,3,4,40,508,Intermediate,Beginner
2879,2,3,9,90,141,Beginner,Intermediate
2880,3,5,1,10,505,Intermediate,Beginner
2881,3,1,9,90,197,Beginner,Intermediate
2882,4,10,8,80,264,Intermediate,Intermediate
2883,2,3,5,50,291,Intermediate,Intermediate
2884,1,6,6,60,317,Beginner,Beginner
2885,1,3,7,70,309,Advanced,Advanced
2886,5,5,4,40,393,Advanced,Intermediate
2887,5,9,6,60,299,Beginner,Beginner
2888,1,2,7,70,257,Beginner,Beginner
2889,3,2,6,60,371,Beginner,Beginner
2890,3,6,6,60,447,Advanced,Advanced
2891,5,6,2,20,433,Beginner,Beginner
2892,4,8,5,50,415,Intermediate,Intermediate
2893,1,2,3,30,581,Beginner,Beginner
2894,5,9,7,70,320,Beginner,Intermediate
2895,5,2,4,40,374,Intermediate,Beginner
2896,1,1,1,10,593,Intermediate,Beginner
2897,1,10,6,60,427,Intermediate,Intermediate
2898,3,2,6,60,302,Intermediate,Intermediate
2899,4,7,7,70,390,Intermediate,Intermediate
2900,4,8,8,80,262,Beginner,Intermediate
2901,1,5,3,30,355,Beginner,Beginner
2902,2,6,6,60,324,Beginner,Beginner
2903,5,1,10,100,150,Intermediate,Advanced
2904,5,6,2,20,510,Advanced,Intermediate
2905,1,8,9,90,271,Beginner,Intermediate
2906,2,3,2,20,357,Beginner,Beginner
2907,3,1,3,30,372,Beginner,Beginner
2908,1,4,10,100,251,Advanced,Advanced
2909,1,1,2,20,565,Advanced,Intermediate
2910,5,8,9,90,192,Beginner,Intermediate
2911,1,5,1,10,570,Intermediate,Beginner
2912,1,1,5,50,317,Intermediate,Intermediate
2913,1,8,1,10,533,Beginner,Beginner
2914,5,9,5,50,282,Intermediate,Intermediate
2915,3,10,8,80,138,Intermediate,Intermediate
2916,3,2,8,80,232,Beginner,Intermediate
2917,1,9,8,80,182,Intermediate,Intermediate
2918,5,8,2,20,483,Beginner,Beginner
2919,3,7,8,80,140,Intermediate,Intermediate
2920,3,3,5,50,381,Advanced,Advanced
2921,3,2,1,10,542,Intermediate,Beginner
2922,5,7,7,70,364,Beginner,Intermediate
2923,5,5,6,60,365,Beginner,Beginner
2924,1,6,5,50,300,Intermediate,Intermediate
2925,4,4,1,10,342,Beginner,Beginner
2926,3,2,1,10,592,Intermediate,Beginner
2927,4,9,6,60,395,Beginner,Beginner
2928,5,3,10,100,239,Advanced,Advanced
2929,5,7,7,70,288,Advanced,Advanced
2930,5,8,10,100,175,Advanced,Advanced
2931,4,2,10,100,238,Beginner,Intermediate
2932,5,6,1,10,503,Intermediate,Beginner
2933,1,8,9,90,278,Beginner,Intermediate
2934,5,7,4,40,354,Advanced,Intermediate
2935,2,3,5,50,257,Beginner,Beginner
2936,4,1,2,20,542,Advanced,Intermediate
2937,2,6,10,100,134,Intermediate,Advanced
2938,5,8,8,80,263,Advanced,Advanced
2939,1,6,2,20,376,Intermediate,Beginner
2940,3,5,3,30,562,Beginner,Beginner
2941,5,8,9,90,174,Advanced,Advanced
2942,1,2,2,20,303,Beginner,Beginner
2943,4,1,6,60,262,Advanced,Advanced
2944,2,1,4,40,339,Advanced,Intermediate
2945,2,4,7,70,449,Advanced,Advanced
2946,2,6,6,60,340,Beginner,Beginner
2947,4,9,10,100,149,Beginner,Intermediate
2948,1,1,9,90,257,Intermediate,Intermediate
2949,4,1,9,90,222,Advanced,Advanced
2950,2,5,10,100,126,Beginner,Intermediate
2951,5,10,4,40,463,Beginner,Beginner
2952,3,5,1,10,575,Beginner,Beginner
2953,4,5,2,20,348,Advanced,Intermediate
2954,4,10,8,80,215,Advanced,Advanced
2955,1,6,10,100,178,Beginner,Intermediate
2956,1,8,8,80,209,Beginner,Intermediate
2957,4,3,2,20,581,Intermediate,Beginner
2958,2,9,4,40,335,Beginner,Beginner
2959,3,1,1,10,470,Intermediate,Beginner
2960,1,4,7,70,345,Intermediate,Intermediate
2961,2,9,4,40,503,Intermediate,Beginner
2962,5,8,8,80,152,Advanced,Advanced
2963,1,10,9,90,219,Intermediate,Advanced
2964,2,9,9,90,216,Beginner,Intermediate
2965,2,1,3,30,537,Advanced,Intermediate
2966,3,9,5,50,392,Beginner,Beginner
2967,3,3,6,60,264,Advanced,Advanced
2968,5,10,6,60,307,Beginner,Beginner
2969,2,9,10,100,262,Advanced,Advanced
2970,2,1,8,80,214,Beginner,Intermediate
2971,3,1,6,60,236,Beginner,Beginner
2972,1,9,6,60,359,Beginner,Beginner
2973,1,6,4,40,553,Advanced,Intermediate
2974,4,4,7,70,241,Advanced,Advanced
2975,3,7,8,80,270,Beginner,Intermediate
2976,4,5,3,30,439,Beginner,Beginner
2977,3,10,7,70,333,Beginner,Intermediate
2978,5,7,3,30,367,Beginner,Beginner
2979,2,8,8,80,229,Advanced,Advanced
2980,5,8,1,10,478,Intermediate,Beginner
2981,3,1,1,10,424,Advanced,Intermediate
2982,2,8,6,60,360,Intermediate,Intermediate
2983,1,6,10,100,176,Intermediate,Advanced
2984,1,4,9,90,174,Advanced,Advanced
2985,4,8,4,40,532,Beginner,Beginner
2986,3,3,6,60,391,Beginner,Beginner
2987,3,4,5,50,366,Advanced,Advanced
2988,1,6,1,10,410,Beginner,Beginner
2989,5,7,6,60,326,Beginner,Beginner
2990,2,4,9,90,221,Advanced,Advanced
2991,5,4,3,30,537,Intermediate,Beginner
2992,5,7,3,30,302,Intermediate,Beginner
2993,1,6,2,20,510,Intermediate,Beginner
2994,1,8,4,40,324,Beginner,Beginner
2995,1,1,10,100,194,Advanced,Advanced
2996,4,10,3,30,483,Beginner,Beginner
2997,5,7,2,20,360,Intermediate,Beginner
2998,3,7,1,10,422,Advanced,Intermediate
2999,2,7,3,30,354,Intermediate,Beginner
3000,4,7,10,100,158,Advanced,Advanced
3001,3,10,6,60,404,Advanced,Advanced
3002,5,10,9,90,202,Intermediate,Advanced
3003,1,8,5,50,414,Beginner,Beginner
3004,5,9,3,30,333,Intermediate,Beginner
3005,2,9,5,50,332,Advanced,Advanced
3006,4,2,5,50,388,Intermediate,Intermediate
3007,4,7,5,50,369,Intermediate,Intermediate
3008,2,7,7,70,449,Intermediate,Intermediate
3009,3,4,5,50,246,Beginner,Beginner
3010,3,9,7,70,368,Beginner,Intermediate
3011,4,8,9,90,150,Advanced,Advanced
3012,4,1,5,50,374,Intermediate,Intermediate
3013,1,2,2,20,464,Beginner,Beginner
3014,3,2,5,50,413,Advanced,Advanced
3015,2,8,8,80,256,Intermediate,Intermediate
3016,3,1,4,40,565,Advanced,Intermediate
3017,1,4,2,20,486,Beginner,Beginner
3018,4,10,10,100,159,Advanced,Advanced
3019,4,5,3,30,466,Intermediate,Beginner
3020,1,9,9,90,254,Intermediate,Intermediate
3021,2,7,9,90,123,Beginner,Intermediate
3022,4,8,8,80,262,Beginner,Intermediate
3023,5,9,8,80,125,Beginner,Intermediate
3024,4,7,8,80,192,Advanced,Advanced
3025,5,5,8,80,177,Beginner,Intermediate
3026,1,5,8,80,196,Intermediate,Intermediate
3027,1,10,1,10,318,Beginner,Beginner
3028,4,6,6,60,281,Beginner,Beginner
3029,3,5,9,90,190,Beginner,Intermediate
3030,5,9,8,80,257,Advanced,Advanced
3031,2,3,3,30,580,Advanced,Intermediate
3032,4,3,1,10,549,Advanced,Intermediate
3033,2,7,2,20,526,Advanced,Intermediate
3034,4,7,2,20,426,Beginner,Beginner
3035,3,6,7,70,277,Advanced,Advanced
3036,3,3,6,60,372,Intermediate,Intermediate
3037,3,7,2,20,503,Advanced,Intermediate
3038,3,5,8,80,230,Beginner,Intermediate
3039,1,7,9,90,195,Advanced,Advanced
3040,1,2,7,70,289,Beginner,Beginner
3041,5,6,4,40,551,Beginner,Beginner
3042,2,8,1,10,498,Beginner,Beginner
3043,4,1,4,40,539,Beginner,Beginner
3044,4,4,4,40,438,Intermediate,Beginner
3045,1,1,8,80,241,Advanced,Advanced
3046,4,1,4,40,348,Advanced,Intermediate
3047,1,10,4,40,414,Beginner,Beginner
3048,5,8,2,20,550,Beginner,Beginner
3049,2,7,10,100,126,Beginner,Intermediate
3050,5,10,7,70,438,Advanced,Advanced
3051,3,1,4,40,376,Beginner,Beginner
3052,3,2,6,60,398,Intermediate,Intermediate
3053,3,4,3,30,444,Beginner,Beginner
3054,5,1,7,70,379,Intermediate,Intermediate
3055,4,3,6,60,373,Beginner,Beginner
3056,2,8,3,30,420,Beginner,Beginner
3057,3,8,4,40,423,Beginner,Beginner
3058,3,8,10,100,269,Beginner,Intermediate
3059,3,6,5,50,360,Beginner,Beginner
3060,2,6,9,90,244,Intermediate,Advanced
3061,3,5,6,60,231,Beginner,Beginner
3062,2,9,4,40,300,Beginner,Beginner
3063,3,4,7,70,380,Beginner,Beginner
3064,5,10,2,20,543,Advanced,Intermediate
3065,5,7,4,40,550,Intermediate,Beginner
3066,2,1,5,50,330,Intermediate,Intermediate
3067,5,9,4,40,363,Beginner,Beginner
3068,2,7,4,40,547,Beginner,Beginner
3069,5,10,9,90,160,Beginner,Intermediate
3070,5,9,2,20,414,Intermediate,Beginner
3071,2,7,6,60,258,Intermediate,Intermediate
3072,4,2,8,80,120,Advanced,Advanced
3073,5,6,8,80,160,Advanced,Advanced
3074,3,10,7,70,392,Intermediate,Intermediate
3075,4,4,10,100,207,Intermediate,Advanced
3076,2,3,4,40,397,Beginner,Beginner
3077,4,2,7,70,307,Beginner,Beginner
3078,1,6,10,100,198,Advanced,Advanced
3079,1,8,6,60,428,Beginner,Beginner
3080,5,6,6,60,360,Advanced,Advanced
3081,5,9,2,20,370,Intermediate,Beginner
3082,3,5,8,80,256,Intermediate,Intermediate
3083,4,2,8,80,218,Beginner,Intermediate
3084,1,8,7,70,370,Intermediate,Intermediate
3085,5,9,9,90,206,Intermediate,Advanced
3086,4,10,8,80,273,Beginner,Intermediate
3087,5,4,9,90,120,Beginner,Intermediate
3088,5,6,9,90,261,Beginner,Intermediate
3089,1,10,6,60,443,Intermediate,Intermediate
3090,1,8,2,20,364,Beginner,Beginner
3091,5,9,7,70,288,Intermediate,Intermediate
3092,2,5,3,30,366,Intermediate,Beginner
3093,5,6,7,70,396,Beginner,Beginner
3094,5,4,9,90,169,Intermediate,Advanced
3095,3,5,10,100,177,Beginner,Intermediate
3096,3,7,10,100,172,Intermediate,Advanced
3097,3,9,2,20,390,Beginner,Beginner
3098,2,10,6,60,334,Beginner,Beginner
3099,2,6,6,60,337,Beginner,Beginner
3100,5,6,9,90,176,Advanced,Advanced
3101,3,8,9,90,205,Beginner,Intermediate
3102,2,4,5,50,237,Beginner,Beginner
3103,1,3,5,50,235,Beginner,Beginner
3104,5,7,9,90,249,Beginner,Intermediate
3105,4,5,8,80,132,Advanced,Advanced
3106,5,2,7,70,392,Intermediate,Intermediate
3107,4,2,8,80,199,Advanced,Advanced
3108,3,6,6,60,419,Beginner,Beginner
3109,4,8,3,30,501,Beginner,Beginner
3110,3,1,7,70,444,Intermediate,Intermediate
3111,1,6,8,80,278,Intermediate,Intermediate
3112,4,2,8,80,256,Beginner,Intermediate
3113,5,2,1,10,372,Intermediate,Beginner
3114,3,7,7,70,267,Advanced,Advanced
3115,5,10,3,30,317,Beginner,Beginner
3116,2,1,2,20,566,Intermediate,Beginner
3117,3,6,2,20,318,Beginner,Beginner
3118,4,7,8,80,219,Advanced,Advanced
3119,3,8,9,90,235,Intermediate,Advanced
3120,5,7,3,30,373,Beginner,Beginner
3121,1,6,3,30,579,Intermediate,Beginner
3122,3,9,6,60,232,Advanced,Advanced
3123,4,3,10,100,244,Intermediate,Advanced
3124,2,6,1,10,415,Beginner,Beginner
3125,1,4,6,60,393,Intermediate,Intermediate
3126,2,2,3,30,480,Intermediate,Beginner
3127,3,1,4,40,525,Beginner,Beginner
3128,5,1,9,90,276,Beginner,Intermediate
3129,5,10,3,30,463,Intermediate,Beginner
3130,4,3,1,10,370,Intermediate,Beginner
3131,5,4,3,30,521,Beginner,Beginner
3132,1,2,7,70,345,Advanced,Advanced
3133,5,1,7,70,364,Intermediate,Intermediate
3134,4,4,5,50,395,Beginner,Beginner
3135,3,7,1,10,451,Beginner,Beginner
3136,3,10,8,80,238,Intermediate,Intermediate
3137,5,6,10,100,210,Intermediate,Advanced
3138,2,6,8,80,204,Intermediate,Intermediate
3139,3,9,10,100,227,Beginner,Intermediate
3140,5,2,10,100,246,Intermediate,Advanced
3141,4,4,10,100,240,Advanced,Advanced
3142,5,5,2,20,428,Beginner,Beginner
3143,3,1,10,100,125,Beginner,Intermediate
3144,4,8,3,30,482,Advanced,Intermediate
3145,5,8,4,40,337,Beginner,Beginner
3146,1,6,1,10,415,Beginner,Beginner
3147,4,5,4,40,401,Beginner,Beginner
3148,1,8,5,50,227,Beginner,Beginner
3149,2,3,3,30,517,Intermediate,Beginner
3150,4,3,10,100,197,Beginner,Intermediate
3151,1,2,2,20,354,Advanced,Intermediate
3152,3,5,6,60,267,Intermediate,Intermediate
3153,3,3,8,80,207,Intermediate,Intermediate
3154,2,3,7,70,229,Beginner,Beginner
3155,4,6,1,10,589,Intermediate,Beginner
3156,4,8,4,40,463,Intermediate,Beginner
3157,4,2,3,30,538,Advanced,Intermediate
3158,2,4,6,60,280,Advanced,Advanced
3159,4,7,9,90,263,Intermediate,Intermediate
3160,3,1,9,90,198,Intermediate,Advanced
3161,1,1,7,70,237,Advanced,Advanced
3162,3,10,9,90,190,Intermediate,Advanced
3163,3,7,8,80,205,Beginner,Intermediate
3164,1,7,5,50,251,Beginner,Beginner
3165,3,1,9,90,162,Advanced,Advanced
3166,2,1,7,70,302,Beginner,Beginner
3167,1,4,5,50,387,Advanced,Advanced
3168,3,5,8,80,188,Beginner,Intermediate
3169,5,5,7,70,269,Intermediate,Intermediate
3170,3,4,9,90,131,Intermediate,Advanced
3171,2,8,10,100,204,Beginner,Intermediate
3172,4,7,1,10,422,Intermediate,Beginner
3173,3,9,9,90,177,Intermediate,Advanced
3174,4,7,7,70,302,Intermediate,Intermediate
3175,5,10,1,10,500,Intermediate,Beginner
3176,3,1,1,10,411,Beginner,Beginner
3177,1,7,5,50,347,Intermediate,Intermediate
3178,4,1,8,80,155,Beginner,Intermediate
3179,5,7,9,90,173,Beginner,Intermediate
3180,1,10,6,60,266,Advanced,Advanced
3181,1,8,10,100,234,Intermediate,Advanced
3182,1,9,8,80,279,Intermediate,Intermediate
3183,1,3,6,60,446,Intermediate,Intermediate
3184,3,4,6,60,442,Beginner,Beginner
3185,3,4,4,40,423,Intermediate,Beginner
3186,3,9,5,50,400,Advanced,Advanced
3187,5,7,2,20,459,Beginner,Beginner
3188,5,3,3,30,395,Advanced,Intermediate
3189,5,10,3,30,406,Intermediate,Beginner
3190,2,5,5,50,339,Beginner,Beginner
3191,5,7,5,50,320,Intermediate,Intermediate
3192,3,8,6,60,322,Beginner,Beginner
3193,3,1,5,50,385,Beginner,Beginner
3194,2,2,6,60,377,Advanced,Advanced
3195,2,7,8,80,151,Advanced,Advanced
3196,5,2,2,20,365,Advanced,Intermediate
3197,4,7,4,40,478,Advanced,Intermediate
3198,2,9,6,60,230,Advanced,Advanced
3199,1,2,5,50,406,Advanced,Advanced
3200,3,7,1,10,336,Beginner,Beginner
3201,1,4,9,90,221,Intermediate,Advanced
3202,3,2,3,30,348,Beginner,Beginner
3203,3,7,2,20,574,Intermediate,Beginner
3204,2,5,9,90,126,Advanced,Advanced
3205,2,1,7,70,352,Beginner,Beginner
3206,1,5,5,50,261,Intermediate,Intermediate
3207,3,3,6,60,307,Intermediate,Intermediate
3208,1,7,4,40,475,Beginner,Beginner
3209,4,6,1,10,310,Beginner,Beginner
3210,1,8,4,40,500,Intermediate,Beginner
3211,5,5,9,90,277,Beginner,Intermediate
3212,1,2,1,10,302,Intermediate,Beginner
3213,5,9,10,100,159,Intermediate,Advanced
3214,5,8,3,30,331,Intermediate,Beginner
3215,5,6,5,50,267,Beginner,Beginner
3216,4,10,7,70,290,Intermediate,Intermediate
3217,1,7,9,90,267,Beginner,Intermediate
3218,1,9,6,60,308,Advanced,Advanced
3219,4,7,3,30,408,Beginner,Beginner
3220,3,3,7,70,254,Advanced,Advanced
3221,2,6,4,40,407,Intermediate,Beginner
3222,1,7,3,30,339,Advanced,Intermediate
3223,2,2,7,70,424,Beginner,Beginner
3224,4,3,7,70,271,Beginner,Beginner
3225,3,4,4,40,411,Intermediate,Beginner
3226,3,10,7,70,258,Beginner,Intermediate
3227,3,6,2,20,367,Advanced,Intermediate
3228,4,1,1,10,488,Beginner,Beginner
3229,5,9,2,20,508,Advanced,Intermediate
3230,5,5,4,40,364,Advanced,Intermediate
3231,2,7,8,80,181,Beginner,Intermediate
3232,5,9,3,30,557,Intermediate,Beginner
3233,5,9,10,100,253,Beginner,Intermediate
3234,3,1,6,60,341,Beginner,Beginner
3235,3,1,6,60,294,Beginner,Beginner
3236,2,3,9,90,159,Advanced,Advanced
3237,1,6,9,90,208,Intermediate,Advanced
3238,2,2,4,40,466,Intermediate,Beginner
3239,2,10,9,90,147,Beginner,Intermediate
3240,4,1,6,60,299,Intermediate,Intermediate
3241,4,1,2,20,362,Beginner,Beginner
3242,2,5,10,100,259,Beginner,Intermediate
3243,2,4,6,60,260,Beginner,Beginner
3244,2,1,2,20,328,Intermediate,Beginner
3245,5,4,8,80,142,Intermediate,Intermediate
3246,4,3,4,40,379,Beginner,Beginner
3247,2,2,5,50,270,Advanced,Advanced
3248,3,9,8,80,231,Beginner,Intermediate
3249,3,1,8,80,224,Intermediate,Intermediate
3250,5,7,6,60,264,Beginner,Beginner
3251,5,4,4,40,389,Beginner,Beginner
3252,1,5,1,10,528,Advanced,Intermediate
3253,1,10,7,70,369,Advanced,Advanced
3254,1,5,8,80,257,Intermediate,Intermediate
3255,5,1,9,90,254,Advanced,Advanced
3256,5,6,2,20,388,Advanced,Intermediate
3257,5,9,1,10,314,Intermediate,Beginner
3258,3,2,4,40,473,Advanced,Intermediate
3259,5,7,5,50,309,Beginner,Beginner
3260,3,6,10,100,206,Intermediate,Advanced
3261,1,5,1,10,360,Advanced,Intermediate
3262,1,4,5,50,327,Beginner,Beginner
3263,1,4,6,60,439,Advanced,Advanced
3264,2,6,3,30,360,Beginner,Beginner
3265,2,4,7,70,270,Advanced,Advanced
3266,4,5,6,60,385,Beginner,Beginner
3267,4,6,4,40,311,Beginner,Beginner
3268,4,5,3,30,515,Beginner,Beginner
3269,2,7,5,50,296,Advanced,Advanced
3270,2,9,3,30,531,Beginner,Beginner
3271,4,10,10,100,231,Intermediate,Advanced
3272,4,7,9,90,185,Intermediate,Advanced
3273,5,7,9,90,234,Beginner,Intermediate
3274,4,4,6,60,425,Advanced,Advanced
3275,5,1,6,60,249,Beginner,Beginner
3276,3,8,4,40,404,Intermediate,Beginner
3277,2,4,4,40,541,Intermediate,Beginner
3278,4,1,2,20,534,Beginner,Beginner
3279,2,5,10,100,150,Beginner,Intermediate
3280,2,8,4,40,534,Intermediate,Beginner
3281,2,4,8,80,272,Advanced,Advanced
3282,3,8,10,100,132,Beginner,Intermediate
3283,1,8,2,20,469,Beginner,Beginner
3284,4,3,9,90,220,Advanced,Advanced
3285,1,9,1,10,531,Beginner,Beginner
3286,1,3,2,20,483,Intermediate,Beginner
3287,1,1,2,20,574,Intermediate,Beginner
3288,2,2,6,60,393,Beginner,Beginner
3289,5,6,7,70,362,Intermediate,Intermediate
3290,2,10,3,30,331,Advanced,Intermediate
3291,2,2,9,90,268,Intermediate,Intermediate
3292,1,6,5,50,284,Intermediate,Intermediate
3293,2,1,5,50,417,Intermediate,Intermediate
3294,1,1,4,40,326,Intermediate,Beginner
3295,5,5,9,90,270,Beginner,Intermediate
3296,4,10,8,80,166,Intermediate,Intermediate
3297,1,9,4,40,567,Beginner,Beginner
3298,5,8,4,40,384,Beginner,Beginner
3299,4,3,2,20,365,Advanced,Intermediate
3300,3,3,9,90,252,Advanced,Advanced
3301,1,1,3,30,381,Advanced,Intermediate
3302,1,3,4,40,397,Beginner,Beginner
3303,3,1,7,70,292,Advanced,Advanced
3304,3,8,10,100,190,Intermediate,Advanced
3305,1,1,8,80,149,Advanced,Advanced
3306,3,5,8,80,244,Advanced,Advanced
3307,2,9,4,40,509,Advanced,Intermediate
3308,4,7,7,70,438,Advanced,Advanced
3309,4,4,10,100,135,Beginner,Intermediate
3310,4,9,1,10,512,Intermediate,Beginner
3311,2,9,6,60,352,Beginner,Beginner
3312,3,2,6,60,376,Intermediate,Intermediate
3313,5,10,6,60,266,Advanced,Advanced
3314,3,10,2,20,321,Beginner,Beginner
3315,1,6,8,80,202,Intermediate,Intermediate
3316,4,4,5,50,382,Intermediate,Intermediate
3317,3,8,5,50,435,Beginner,Beginner
3318,5,7,2,20,533,Beginner,Beginner
3319,1,7,4,40,359,Beginner,Beginner
3320,2,10,9,90,177,Beginner,Intermediate
3321,2,9,9,90,122,Intermediate,Advanced
3322,5,5,6,60,381,Intermediate,Intermediate
3323,1,6,9,90,164,Beginner,Intermediate
3324,4,1,4,40,301,Advanced,Intermediate
3325,3,6,1,10,570,Intermediate,Beginner
3326,1,2,2,20,442,Intermediate,Beginner
3327,2,6,1,10,487,Beginner,Beginner
3328,5,9,8,80,215,Intermediate,Intermediate
3329,5,8,9,90,204,Beginner,Intermediate
3330,3,9,10,100,230,Intermediate,Advanced
3331,5,10,6,60,399,Intermediate,Intermediate
3332,5,8,2,20,322,Beginner,Beginner
3333,1,3,6,60,318,Advanced,Advanced
3334,4,8,9,90,156,Intermediate,Advanced
3335,3,6,3,30,406,Beginner,Beginner
3336,1,6,9,90,160,Advanced,Advanced
3337,4,6,2,20,528,Intermediate,Beginner
3338,1,3,5,50,276,Intermediate,Intermediate
3339,1,10,2,20,396,Intermediate,Beginner
3340,5,1,7,70,244,Beginner,Beginner
3341,4,4,10,100,229,Advanced,Advanced
3342,3,10,9,90,156,Intermediate,Advanced
3343,3,6,7,70,259,Beginner,Beginner
3344,4,10,5,50,304,Advanced,Advanced
3345,5,2,4,40,487,Intermediate,Beginner
3346,2,7,4,40,539,Intermediate,Beginner
3347,1,7,10,100,221,Advanced,Advanced
3348,5,4,8,80,217,Beginner,Intermediate
3349,4,4,10,100,138,Beginner,Intermediate
3350,1,1,10,100,210,Beginner,Intermediate
3351,3,2,10,100,256,Advanced,Advanced
3352,2,9,10,100,188,Beginner,Intermediate
3353,3,10,10,100,124,Beginner,Intermediate
3354,4,8,1,10,457,Beginner,Beginner
3355,1,8,5,50,447,Beginner,Beginner
3356,4,9,2,20,411,Intermediate,Beginner
3357,1,7,9,90,263,Advanced,Advanced
3358,5,9,7,70,418,Beginner,Intermediate
3359,2,10,10,100,137,Intermediate,Advanced
3360,5,2,8,80,268,Advanced,Advanced
3361,5,6,6,60,250,Intermediate,Intermediate
3362,4,3,9,90,248,Advanced,Advanced
3363,2,6,6,60,350,Intermediate,Intermediate
3364,1,3,7,70,442,Beginner,Beginner
3365,1,8,7,70,244,Advanced,Advanced
3366,3,4,9,90,127,Intermediate,Advanced
3367,1,10,8,80,181,Beginner,Intermediate
3368,4,6,1,10,306,Beginner,Beginner
3369,5,9,4,40,435,Advanced,Intermediate
3370,5,2,7,70,238,Advanced,Advanced
3371,5,2,8,80,264,Intermediate,Intermediate
3372,2,7,7,70,358,Advanced,Advanced
3373,1,2,3,30,476,Intermediate,Beginner
3374,4,2,4,40,310,Beginner,Beginner
3375,2,4,7,70,449,Intermediate,Intermediate
3376,3,9,8,80,160,Intermediate,Intermediate
3377,4,8,7,70,409,Intermediate,Intermediate
3378,4,2,6,60,333,Beginner,Beginner
3379,4,8,9,90,211,Beginner,Intermediate
3380,5,4,9,90,194,Advanced,Advanced
3381,4,2,7,70,286,Advanced,Advanced
3382,1,10,8,80,124,Intermediate,Intermediate
3383,4,7,6,60,335,Advanced,Advanced
3384,5,6,1,10,449,Intermediate,Beginner
3385,4,10,1,10,417,Advanced,Intermediate
3386,3,5,6,60,384,Beginner,Beginner
3387,3,1,2,20,551,Beginner,Beginner
3388,5,2,8,80,130,Intermediate,Intermediate
3389,1,8,1,10,343,Beginner,Beginner
3390,1,1,2,20,480,Intermediate,Beginner
3391,2,3,8,80,196,Advanced,Advanced
3392,5,2,6,60,337,Intermediate,Intermediate
3393,4,5,10,100,235,Advanced,Advanced
3394,5,4,2,20,366,Intermediate,Beginner
3395,2,7,2,20,312,Intermediate,Beginner
3396,5,5,7,70,311,Intermediate,Intermediate
3397,5,8,5,50,230,Beginner,Beginner
3398,2,4,5,50,358,Beginner,Beginner
3399,1,6,8,80,204,Intermediate,Intermediate
3400,4,4,7,70,304,Advanced,Advanced
3401,2,2,9,90,254,Intermediate,Intermediate
3402,3,1,4,40,572,Beginner,Beginner
3403,1,1,10,100,167,Beginner,Intermediate
3404,3,8,4,40,490,Advanced,Intermediate
3405,1,4,2,20,396,Intermediate,Beginner
3406,4,5,3,30,504,Advanced,Intermediate
3407,4,8,1,10,436,Intermediate,Beginner
3408,5,7,1,10,376,Intermediate,Beginner
3409,3,8,7,70,347,Intermediate,Intermediate
3410,1,8,5,50,256,Beginner,Beginner
3411,4,6,3,30,585,Intermediate,Beginner
3412,2,10,7,70,388,Intermediate,Intermediate
3413,4,2,2,20,434,Intermediate,Beginner
3414,2,6,3,30,441,Advanced,Intermediate
3415,1,1,1,10,553,Beginner,Beginner
3416,4,1,8,80,167,Intermediate,Intermediate
3417,4,3,2,20,554,Beginner,Beginner
3418,1,3,7,70,353,Beginner,Beginner
3419,4,5,9,90,153,Intermediate,Advanced
3420,2,1,6,60,427,Beginner,Beginner
3421,4,10,2,20,400,Intermediate,Beginner
3422,3,6,2,20,345,Beginner,Beginner
3423,5,7,9,90,189,Beginner,Intermediate
3424,2,10,10,100,255,Beginner,Intermediate
3425,3,3,8,80,143,Beginner,Intermediate
3426,1,4,9,90,186,Advanced,Advanced
3427,2,10,4,40,303,Intermediate,Beginner
3428,5,10,4,40,523,Advanced,Intermediate
3429,5,10,2,20,300,Beginner,Beginner
3430,1,10,10,100,153,Advanced,Advanced
3431,1,10,1,10,408,Intermediate,Beginner
3432,2,3,10,100,128,Beginner,Intermediate
3433,4,1,4,40,362,Intermediate,Beginner
3434,1,8,10,100,129,Intermediate,Advanced
3435,4,10,10,100,257,Intermediate,Intermediate
3436,3,10,8,80,163,Intermediate,Intermediate
3437,5,2,2,20,561,Intermediate,Beginner
3438,4,1,8,80,240,Beginner,Intermediate
3439,5,8,1,10,451,Intermediate,Beginner
3440,4,7,1,10,512,Advanced,Intermediate
3441,3,7,4,40,533,Beginner,Beginner
3442,1,4,7,70,314,Intermediate,Intermediate
3443,3,9,9,90,230,Intermediate,Advanced
3444,1,6,5,50,405,Advanced,Advanced
3445,1,2,2,20,521,Intermediate,Beginner
3446,5,1,7,70,403,Beginner,Beginner
3447,3,1,2,20,525,Intermediate,Beginner
3448,4,9,9,90,259,Intermediate,Intermediate
3449,3,4,9,90,190,Intermediate,Advanced
3450,5,5,3,30,388,Intermediate,Beginner
3451,1,3,8,80,125,Intermediate,Intermediate
3452,5,4,4,40,487,Advanced,Intermediate
3453,2,8,3,30,411,Intermediate,Beginner
3454,2,4,1,10,538,Intermediate,Beginner
3455,4,9,5,50,439,Beginner,Beginner
3456,5,9,4,40,555,Beginner,Beginner
3457,4,6,1,10,449,Advanced,Intermediate
3458,4,2,10,100,246,Intermediate,Advanced
3459,2,10,8,80,255,Intermediate,Intermediate
3460,4,7,8,80,182,Advanced,Advanced
3461,2,9,8,80,260,Beginner,Intermediate
3462,1,6,3,30,573,Advanced,Intermediate
3463,5,3,6,60,296,Advanced,Advanced
3464,4,7,7,70,433,Advanced,Advanced
3465,2,5,9,90,261,Beginner,Intermediate
3466,3,1,5,50,358,Intermediate,Intermediate
3467,4,3,9,90,222,Beginner,Intermediate
3468,1,5,6,60,336,Intermediate,Intermediate
3469,1,7,10,100,136,Intermediate,Advanced
3470,3,3,10,100,133,Beginner,Intermediate
3471,2,6,10,100,176,Intermediate,Advanced
3472,4,5,4,40,433,Intermediate,Beginner
3473,2,1,1,10,413,Advanced,Intermediate
3474,1,10,1,10,431,Intermediate,Beginner
3475,2,6,10,100,258,Beginner,Intermediate
3476,1,8,5,50,328,Beginner,Beginner
3477,2,1,3,30,531,Advanced,Intermediate
3478,3,2,5,50,421,Intermediate,Intermediate
3479,5,4,5,50,338,Intermediate,Intermediate
3480,3,2,1,10,391,Beginner,Beginner
3481,3,9,8,80,130,Beginner,Intermediate
3482,5,10,5,50,318,Advanced,Advanced
3483,5,8,5,50,426,Advanced,Advanced
3484,4,8,9,90,127,Beginner,Intermediate
3485,4,4,8,80,233,Intermediate,Intermediate
3486,3,5,1,10,392,Beginner,Beginner
3487,3,4,3,30,457,Advanced,Intermediate
3488,1,9,7,70,323,Intermediate,Intermediate
3489,1,2,1,10,398,Advanced,Intermediate
3490,4,8,1,10,524,Intermediate,Beginner
3491,4,2,5,50,303,Advanced,Advanced
3492,1,1,9,90,192,Advanced,Advanced
3493,1,10,6,60,442,Beginner,Beginner
3494,2,3,10,100,264,Advanced,Advanced
3495,2,9,2,20,358,Advanced,Intermediate
3496,1,3,9,90,150,Beginner,Intermediate
3497,2,9,6,60,283,Advanced,Advanced
3498,5,7,5,50,267,Intermediate,Intermediate
3499,4,10,5,50,242,Advanced,Advanced
3500,4,1,3,30,497,Beginner,Beginner
3501,1,10,6,60,377,Intermediate,Intermediate
3502,3,5,4,40,306,Beginner,Beginner
3503,1,9,10,100,231,Advanced,Advanced
3504,2,3,2,20,531,Advanced,Intermediate
3505,3,9,3,30,405,Intermediate,Beginner
3506,2,5,9,90,217,Intermediate,Advanced
3507,5,9,9,90,131,Intermediate,Advanced
3508,2,10,6,60,279,Beginner,Beginner
3509,5,6,10,100,171,Intermediate,Advanced
3510,5,9,10,100,274,Intermediate,Intermediate
3511,2,7,9,90,259,Beginner,Intermediate
3512,2,7,4,40,489,Beginner,Beginner
3513,5,8,5,50,344,Intermediate,Intermediate
3514,3,7,10,100,276,Intermediate,Intermediate
3515,5,9,6,60,382,Advanced,Advanced
3516,4,9,9,90,179,Beginner,Intermediate
3517,5,6,5,50,376,Beginner,Beginner
3518,3,7,8,80,150,Intermediate,Intermediate
3519,4,2,1,10,375,Intermediate,Beginner
3520,1,9,5,50,280,Intermediate,Intermediate
3521,1,1,10,100,121,Intermediate,Advanced
3522,3,1,1,10,489,Intermediate,Beginner
3523,5,3,10,100,240,Intermediate,Advanced
3524,2,6,6,60,278,Beginner,Beginner
3525,3,5,7,70,259,Beginner,Beginner
3526,4,2,5,50,396,Beginner,Beginner
3527,4,9,1,10,587,Beginner,Beginner
3528,1,10,6,60,257,Beginner,Beginner
3529,4,4,10,100,211,Beginner,Intermediate
3530,3,4,5,50,426,Advanced,Advanced
3531,4,5,6,60,434,Beginner,Beginner
3532,3,8,10,100,207,Beginner,Intermediate
3533,2,10,7,70,360,Advanced,Advanced
3534,1,4,7,70,304,Intermediate,Intermediate
3535,4,5,2,20,481,Intermediate,Beginner
3536,3,4,3,30,427,Intermediate,Beginner
3537,5,6,6,60,232,Intermediate,Intermediate
3538,1,3,3,30,338,Beginner,Beginner
3539,2,8,2,20,322,Beginner,Beginner
3540,3,6,4,40,541,Advanced,Intermediate
3541,2,10,5,50,329,Beginner,Beginner
3542,2,5,10,100,226,Beginner,Intermediate
3543,4,2,9,90,211,Intermediate,Advanced
3544,4,10,3,30,441,Beginner,Beginner
3545,3,10,3,30,444,Intermediate,Beginner
3546,5,7,6,60,243,Advanced,Advanced
3547,3,2,5,50,405,Advanced,Advanced
3548,5,1,6,60,410,Advanced,Advanced
3549,2,7,7,70,253,Beginner,Intermediate
3550,1,5,3,30,478,Advanced,Intermediate
3551,3,1,5,50,331,Beginner,Beginner
3552,3,4,8,80,257,Beginner,Intermediate
3553,5,4,4,40,499,Intermediate,Beginner
3554,2,10,10,100,268,Intermediate,Intermediate
3555,2,7,2,20,306,Beginner,Beginner
3556,5,9,4,40,312,Intermediate,Beginner
3557,2,2,2,20,379,Advanced,Intermediate
3558,4,1,3,30,585,Beginner,Beginner
3559,1,2,4,40,458,Intermediate,Beginner
3560,3,7,4,40,571,Beginner,Beginner
3561,1,10,10,100,269,Intermediate,Intermediate
3562,3,6,9,90,159,Beginner,Intermediate
3563,4,4,10,100,156,Intermediate,Advanced
3564,2,1,6,60,297,Beginner,Beginner
3565,5,1,9,90,135,Advanced,Advanced
3566,4,5,4,40,342,Advanced,Intermediate
3567,1,1,9,90,182,Advanced,Advanced
3568,5,7,9,90,134,Beginner,Intermediate
3569,2,1,6,60,391,Beginner,Beginner
3570,4,1,5,50,437,Intermediate,Intermediate
3571,5,2,3,30,436,Intermediate,Beginner
3572,4,10,5,50,284,Advanced,Advanced
3573,4,3,3,30,526,Advanced,Intermediate
3574,2,1,5,50,263,Intermediate,Intermediate
3575,3,9,5,50,239,Beginner,Beginner
3576,5,10,2,20,418,Advanced,Intermediate
3577,2,8,9,90,231,Beginner,Intermediate
3578,4,5,7,70,342,Beginner,Beginner
3579,2,2,6,60,380,Advanced,Advanced
3580,3,5,5,50,299,Intermediate,Intermediate
3581,5,6,4,40,561,Beginner,Beginner
3582,3,1,8,80,202,Beginner,Intermediate
3583,1,4,2,20,330,Beginner,Beginner
3584,5,9,8,80,185,Intermediate,Intermediate
3585,3,2,1,10,573,Beginner,Beginner
3586,4,5,10,100,147,Advanced,Advanced
3587,5,1,1,10,551,Beginner,Beginner
3588,5,4,3,30,552,Intermediate,Beginner
3589,2,4,5,50,412,Beginner,Beginner
3590,4,6,6,60,333,Beginner,Beginner
3591,1,10,4,40,474,Intermediate,Beginner
3592,3,9,7,70,413,Intermediate,Intermediate
3593,2,3,7,70,399,Beginner,Beginner
3594,3,9,2,20,594,Intermediate,Beginner
3595,1,6,2,20,514,Advanced,Intermediate
3596,1,7,2,20,502,Beginner,Beginner
3597,5,10,2,20,549,Beginner,Beginner
3598,1,2,9,90,225,Intermediate,Advanced
3599,3,10,5,50,220,Intermediate,Intermediate
3600,4,6,8,80,194,Beginner,Intermediate
3601,4,6,5,50,307,Beginner,Beginner
3602,5,2,5,50,421,Intermediate,Intermediate
3603,3,2,1,10,441,Advanced,Intermediate
3604,3,2,6,60,425,Intermediate,Intermediate
3605,1,10,4,40,498,Beginner,Beginner
3606,3,1,3,30,470,Intermediate,Beginner
3607,2,5,6,60,369,Beginner,Beginner
3608,1,8,2,20,527,Beginner,Beginner
3609,2,2,8,80,274,Intermediate,Intermediate
3610,5,5,1,10,478,Advanced,Intermediate
3611,4,8,9,90,229,Advanced,Advanced
3612,5,10,8,80,138,Beginner,Intermediate
3613,4,5,1,10,361,Advanced,Intermediate
3614,5,2,10,100,190,Beginner,Intermediate
3615,3,3,9,90,230,Beginner,Intermediate
3616,2,6,2,20,432,Advanced,Intermediate
3617,4,5,3,30,371,Advanced,Intermediate
3618,1,4,2,20,377,Beginner,Beginner
3619,2,4,8,80,219,Beginner,Intermediate
3620,1,5,2,20,370,Beginner,Beginner
3621,2,2,10,100,126,Intermediate,Advanced
3622,2,9,2,20,345,Advanced,Intermediate
3623,5,2,1,10,523,Beginner,Beginner
3624,4,10,7,70,291,Intermediate,Intermediate
3625,4,2,2,20,549,Beginner,Beginner
3626,2,10,10,100,195,Beginner,Intermediate
3627,3,9,5,50,293,Advanced,Advanced
3628,3,3,5,50,361,Advanced,Advanced
3629,1,10,3,30,372,Beginner,Beginner
3630,1,7,3,30,401,Beginner,Beginner
3631,5,4,3,30,393,Beginner,Beginner
3632,2,6,6,60,288,Intermediate,Intermediate
3633,1,4,4,40,364,Beginner,Beginner
3634,1,10,3,30,492,Intermediate,Beginner
3635,2,7,2,20,361,Beginner,Beginner
3636,5,1,3,30,319,Beginner,Beginner
3637,1,3,4,40,540,Advanced,Intermediate
3638,5,3,6,60,422,Beginner,Beginner
3639,4,1,4,40,494,Advanced,Intermediate
3640,5,6,8,80,181,Intermediate,Intermediate
3641,3,9,3,30,406,Advanced,Intermediate
3642,3,8,3,30,424,Beginner,Beginner
3643,5,7,3,30,566,Intermediate,Beginner
3644,3,10,8,80,207,Beginner,Intermediate
3645,4,8,4,40,411,Advanced,Intermediate
3646,2,6,1,10,331,Intermediate,Beginner
3647,3,9,2,20,397,Beginner,Beginner
3648,3,3,10,100,124,Beginner,Intermediate
3649,5,10,2,20,490,Advanced,Intermediate
3650,4,10,3,30,328,Advanced,Intermediate
3651,2,9,6,60,267,Advanced,Advanced
3652,5,4,8,80,135,Advanced,Advanced
3653,5,7,1,10,452,Advanced,Intermediate
3654,4,9,9,90,191,Intermediate,Advanced
3655,2,2,1,10,584,Beginner,Beginner
3656,4,2,10,100,165,Beginner,Intermediate
3657,2,9,2,20,452,Intermediate,Beginner
3658,4,3,3,30,533,Intermediate,Beginner
3659,5,9,7,70,242,Intermediate,Intermediate
3660,5,5,9,90,213,Beginner,Intermediate
3661,1,6,3,30,544,Intermediate,Beginner
3662,3,2,8,80,153,Beginner,Intermediate
3663,4,8,9,90,279,Intermediate,Intermediate
3664,1,9,10,100,236,Intermediate,Advanced
3665,3,2,7,70,248,Beginner,Beginner
3666,4,6,4,40,308,Advanced,Intermediate
3667,2,6,4,40,484,Intermediate,Beginner
3668,3,8,4,40,594,Advanced,Intermediate
3669,5,10,6,60,354,Beginner,Beginner
3670,1,5,4,40,409,Beginner,Beginner
3671,3,9,5,50,288,Beginner,Beginner
3672,3,1,9,90,255,Beginner,Intermediate
3673,5,9,7,70,315,Beginner,Intermediate
3674,4,10,8,80,238,Beginner,Intermediate
3675,2,7,5,50,337,Advanced,Advanced
3676,5,4,5,50,237,Advanced,Advanced
3677,2,3,7,70,321,Advanced,Advanced
3678,4,10,8,80,229,Advanced,Advanced
3679,3,6,9,90,201,Intermediate,Advanced
3680,2,1,2,20,476,Intermediate,Beginner
3681,1,3,3,30,536,Beginner,Beginner
3682,1,2,2,20,571,Beginner,Beginner
3683,5,9,10,100,140,Advanced,Advanced
3684,4,3,7,70,357,Advanced,Advanced
3685,5,2,2,20,431,Advanced,Intermediate
3686,5,4,2,20,343,Advanced,Intermediate
3687,5,2,2,20,422,Beginner,Beginner
3688,1,1,4,40,435,Intermediate,Beginner
3689,1,6,1,10,425,Intermediate,Beginner
3690,5,10,2,20,574,Advanced,Intermediate
3691,1,8,3,30,363,Advanced,Intermediate
3692,4,10,7,70,259,Intermediate,Intermediate
3693,5,10,10,100,170,Beginner,Intermediate
3694,1,2,1,10,436,Beginner,Beginner
3695,2,9,6,60,377,Beginner,Beginner
3696,5,3,3,30,355,Advanced,Intermediate
3697,5,8,3,30,380,Beginner,Beginner
3698,4,8,4,40,531,Beginner,Beginner
3699,3,3,4,40,427,Beginner,Beginner
3700,3,3,7,70,345,Advanced,Advanced
3701,4,6,3,30,379,Intermediate,Beginner
3702,4,1,8,80,240,Intermediate,Intermediate
3703,4,4,8,80,220,Beginner,Intermediate
3704,3,1,7,70,370,Beginner,Beginner
3705,4,3,2,20,474,Beginner,Beginner
3706,1,9,5,50,364,Advanced,Advanced
3707,5,5,6,60,404,Advanced,Advanced
3708,5,5,10,100,245,Intermediate,Advanced
3709,2,4,4,40,481,Beginner,Beginner
3710,2,3,10,100,141,Advanced,Advanced
3711,5,5,5,50,448,Intermediate,Intermediate
3712,1,4,9,90,202,Beginner,Intermediate
3713,3,8,7,70,386,Beginner,Intermediate
3714,3,4,2,20,440,Intermediate,Beginner
3715,1,8,1,10,394,Intermediate,Beginner
3716,3,6,2,20,493,Advanced,Intermediate
3717,4,5,3,30,409,Advanced,Intermediate
3718,5,4,2,20,351,Beginner,Beginner
3719,5,4,3,30,402,Intermediate,Beginner
3720,1,4,10,100,220,Beginner,Intermediate
3721,3,9,9,90,261,Intermediate,Intermediate
3722,2,4,4,40,500,Intermediate,Beginner
3723,2,9,9,90,182,Intermediate,Advanced
3724,3,10,3,30,498,Advanced,Intermediate
3725,2,6,1,10,583,Intermediate,Beginner
3726,1,10,5,50,436,Advanced,Advanced
3727,1,7,10,100,165,Beginner,Intermediate
3728,3,10,10,100,147,Beginner,Intermediate
3729,2,3,2,20,301,Intermediate,Beginner
3730,1,8,4,40,316,Advanced,Intermediate
3731,1,3,2,20,376,Beginner,Beginner
3732,4,1,2,20,464,Beginner,Beginner
3733,4,10,3,30,396,Intermediate,Beginner
3734,1,5,5,50,324,Intermediate,Intermediate
3735,3,2,4,40,323,Advanced,Intermediate
3736,5,10,2,20,499,Intermediate,Beginner
3737,5,6,10,100,154,Advanced,Advanced
3738,1,10,2,20,301,Advanced,Intermediate
3739,1,9,6,60,252,Beginner,Beginner
3740,1,1,7,70,295,Intermediate,Intermediate
3741,3,4,10,100,205,Intermediate,Advanced
3742,4,1,6,60,424,Advanced,Advanced
3743,1,1,7,70,357,Beginner,Beginner
3744,1,8,1,10,361,Beginner,Beginner
3745,2,2,6,60,262,Beginner,Beginner
3746,3,1,3,30,496,Intermediate,Beginner
3747,1,8,1,10,358,Beginner,Beginner
3748,2,4,8,80,128,Intermediate,Intermediate
3749,5,3,4,40,487,Advanced,Intermediate
3750,1,4,10,100,182,Intermediate,Advanced
3751,1,5,8,80,171,Intermediate,Intermediate
3752,2,1,10,100,142,Advanced,Advanced
3753,3,1,4,40,329,Intermediate,Beginner
3754,1,3,4,40,470,Beginner,Beginner
3755,5,6,10,100,140,Beginner,Intermediate
3756,1,1,4,40,500,Intermediate,Beginner
3757,5,2,6,60,354,Beginner,Beginner
3758,4,7,9,90,135,Intermediate,Advanced
3759,4,1,5,50,242,Advanced,Advanced
3760,5,7,10,100,206,Intermediate,Advanced
3761,3,4,8,80,150,Beginner,Intermediate
3762,1,10,8,80,240,Beginner,Intermediate
3763,1,6,4,40,368,Advanced,Intermediate
3764,4,8,10,100,253,Advanced,Advanced
3765,5,9,9,90,234,Intermediate,Advanced
3766,1,6,9,90,178,Beginner,Intermediate
3767,1,9,5,50,375,Intermediate,Intermediate
3768,3,4,6,60,365,Beginner,Beginner
3769,2,6,5,50,435,Beginner,Beginner
3770,4,8,3,30,562,Beginner,Beginner
3771,4,9,8,80,156,Intermediate,Intermediate
3772,2,3,9,90,205,Beginner,Intermediate
3773,1,2,4,40,315,Beginner,Beginner
3774,3,6,9,90,235,Beginner,Intermediate
3775,3,4,9,90,237,Intermediate,Advanced
3776,4,1,7,70,233,Intermediate,Intermediate
3777,3,8,8,80,258,Beginner,Intermediate
3778,2,9,3,30,461,Advanced,Intermediate
3779,1,9,5,50,407,Intermediate,Intermediate
3780,2,2,3,30,403,Beginner,Beginner
3781,5,9,7,70,360,Beginner,Intermediate
3782,4,7,6,60,386,Intermediate,Intermediate
3783,3,5,3,30,327,Beginner,Beginner
3784,5,7,9,90,135,Beginner,Intermediate
3785,3,9,1,10,349,Intermediate,Beginner
3786,1,8,10,100,234,Intermediate,Advanced
3787,1,6,3,30,455,Advanced,Intermediate
3788,1,4,10,100,187,Advanced,Advanced
3789,3,1,7,70,311,Advanced,Advanced
3790,5,6,3,30,420,Beginner,Beginner
3791,1,3,3,30,439,Beginner,Beginner
3792,5,6,2,20,315,Advanced,Intermediate
3793,3,6,9,90,172,Intermediate,Advanced
3794,5,4,4,40,348,Intermediate,Beginner
3795,3,2,10,100,181,Beginner,Intermediate
3796,3,9,6,60,303,Beginner,Beginner
3797,4,2,2,20,453,Beginner,Beginner
3798,3,3,9,90,175,Intermediate,Advanced
3799,3,10,7,70,339,Beginner,Intermediate
3800,2,1,10,100,209,Intermediate,Advanced
3801,1,7,5,50,369,Intermediate,Intermediate
3802,4,1,7,70,339,Beginner,Beginner
3803,4,9,4,40,372,Beginner,Beginner
3804,4,1,10,100,188,Beginner,Intermediate
3805,2,5,7,70,428,Beginner,Beginner
3806,3,7,2,20,476,Beginner,Beginner
3807,1,3,7,70,317,Beginner,Beginner
3808,5,9,4,40,301,Intermediate,Beginner
3809,3,8,4,40,418,Intermediate,Beginner
3810,2,3,1,10,306,Beginner,Beginner
3811,3,5,3,30,554,Intermediate,Beginner
3812,3,7,5,50,447,Advanced,Advanced
3813,2,4,5,50,424,Intermediate,Intermediate
3814,4,5,2,20,374,Beginner,Beginner
3815,4,3,4,40,494,Intermediate,Beginner
3816,1,9,1,10,486,Intermediate,Beginner
3817,1,10,9,90,122,Advanced,Advanced
3818,4,9,1,10,483,Advanced,Intermediate
3819,5,7,6,60,298,Beginner,Beginner
3820,3,10,7,70,236,Intermediate,Intermediate
3821,5,2,3,30,351,Advanced,Intermediate
3822,3,7,1,10,562,Advanced,Intermediate
3823,4,7,7,70,331,Intermediate,Intermediate
3824,1,5,3,30,432,Beginner,Beginner
3825,1,9,10,100,173,Beginner,Intermediate
3826,5,3,6,60,280,Intermediate,Intermediate
3827,1,4,6,60,328,Intermediate,Intermediate
3828,4,1,4,40,315,Advanced,Intermediate
3829,5,6,6,60,448,Advanced,Advanced
3830,3,4,10,100,166,Beginner,Intermediate
3831,1,1,4,40,347,Intermediate,Beginner
3832,2,2,8,80,240,Beginner,Intermediate
3833,1,3,9,90,183,Intermediate,Advanced
3834,3,9,2,20,349,Intermediate,Beginner
3835,5,8,7,70,432,Beginner,Intermediate
3836,3,7,9,90,160,Beginner,Intermediate
3837,2,4,9,90,141,Beginner,Intermediate
3838,4,1,5,50,334,Beginner,Beginner
3839,1,8,1,10,481,Advanced,Intermediate
3840,5,4,6,60,224,Beginner,Beginner
3841,4,3,8,80,264,Beginner,Intermediate
3842,3,9,1,10,377,Beginner,Beginner
3843,5,10,2,20,530,Advanced,Intermediate
3844,4,4,1,10,508,Beginner,Beginner
3845,5,4,5,50,382,Beginner,Beginner
3846,2,9,2,20,467,Intermediate,Beginner
3847,2,2,10,100,141,Beginner,Intermediate
3848,1,5,10,100,172,Beginner,Intermediate
3849,1,4,4,40,309,Intermediate,Beginner
3850,2,9,1,10,445,Beginner,Beginner
3851,5,5,7,70,446,Advanced,Advanced
3852,2,9,8,80,168,Intermediate,Intermediate
3853,1,9,5,50,290,Intermediate,Intermediate
3854,2,2,2,20,457,Beginner,Beginner
3855,2,9,8,80,138,Advanced,Advanced
3856,5,3,1,10,354,Intermediate,Beginner
3857,4,4,7,70,407,Beginner,Beginner
3858,1,1,1,10,514,Beginner,Beginner
3859,5,1,6,60,419,Intermediate,Intermediate
3860,2,1,6,60,428,Advanced,Advanced
3861,2,9,5,50,240,Advanced,Advanced
3862,4,8,2,20,581,Intermediate,Beginner
3863,1,5,2,20,548,Intermediate,Beginner
3864,1,5,9,90,147,Beginner,Intermediate
3865,3,9,5,50,386,Intermediate,Intermediate
3866,1,3,5,50,380,Advanced,Advanced
3867,4,3,7,70,259,Intermediate,Intermediate
3868,3,7,6,60,430,Beginner,Beginner
3869,3,9,2,20,584,Beginner,Beginner
3870,2,6,1,10,319,Beginner,Beginner
3871,2,2,5,50,239,Intermediate,Intermediate
3872,1,1,4,40,419,Advanced,Intermediate
3873,3,2,3,30,396,Beginner,Beginner
3874,2,1,2,20,419,Beginner,Beginner
3875,4,10,10,100,144,Intermediate,Advanced
3876,2,10,2,20,452,Advanced,Intermediate
3877,2,9,4,40,544,Intermediate,Beginner
3878,3,10,2,20,559,Beginner,Beginner
3879,3,8,4,40,303,Beginner,Beginner
3880,5,7,3,30,442,Intermediate,Beginner
3881,4,3,9,90,145,Advanced,Advanced
3882,3,8,7,70,298,Beginner,Intermediate
3883,1,2,3,30,519,Intermediate,Beginner
3884,4,2,8,80,190,Intermediate,Intermediate
3885,4,10,9,90,279,Intermediate,Intermediate
3886,3,3,7,70,295,Beginner,Beginner
3887,4,7,6,60,318,Advanced,Advanced
3888,3,1,4,40,479,Intermediate,Beginner
3889,2,8,5,50,346,Intermediate,Intermediate
3890,5,7,8,80,151,Intermediate,Intermediate
3891,2,4,3,30,564,Advanced,Intermediate
3892,3,5,2,20,312,Intermediate,Beginner
3893,3,10,3,30,501,Intermediate,Beginner
3894,2,1,7,70,413,Beginner,Beginner
3895,1,4,8,80,137,Beginner,Intermediate
3896,1,1,1,10,392,Beginner,Beginner
3897,1,1,7,70,243,Advanced,Advanced
3898,3,10,9,90,221,Advanced,Advanced
3899,4,1,3,30,359,Beginner,Beginner
3900,3,7,3,30,513,Beginner,Beginner
3901,4,7,8,80,219,Beginner,Intermediate
3902,2,4,4,40,300,Advanced,Intermediate
3903,5,2,8,80,162,Beginner,Intermediate
3904,4,3,5,50,274,Intermediate,Intermediate
3905,1,8,3,30,467,Advanced,Intermediate
3906,3,8,4,40,491,Intermediate,Beginner
3907,2,6,4,40,333,Advanced,Intermediate
3908,1,10,8,80,153,Intermediate,Intermediate
3909,2,9,6,60,395,Intermediate,Intermediate
3910,5,9,7,70,380,Intermediate,Intermediate
3911,3,4,9,90,277,Beginner,Intermediate
3912,3,1,6,60,329,Advanced,Advanced
3913,5,1,3,30,370,Intermediate,Beginner
3914,3,10,3,30,413,Beginner,Beginner
3915,4,5,3,30,584,Beginner,Beginner
3916,2,2,10,100,270,Beginner,Intermediate
3917,1,6,2,20,442,Intermediate,Beginner
3918,5,7,1,10,396,Beginner,Beginner
3919,4,1,10,100,172,Advanced,Advanced
3920,1,6,1,10,511,Beginner,Beginner
3921,1,8,4,40,484,Beginner,Beginner
3922,5,5,3,30,504,Advanced,Intermediate
3923,4,7,5,50,327,Intermediate,Intermediate
3924,1,10,9,90,156,Advanced,Advanced
3925,1,6,8,80,254,Intermediate,Intermediate
3926,4,4,9,90,127,Beginner,Intermediate
3927,3,7,5,50,434,Intermediate,Intermediate
3928,1,10,8,80,197,Beginner,Intermediate
3929,2,9,4,40,576,Beginner,Beginner
3930,4,10,5,50,408,Beginner,Beginner
3931,1,10,3,30,501,Intermediate,Beginner
3932,5,7,5,50,433,Beginner,Beginner
3933,2,5,3,30,393,Beginner,Beginner
3934,1,7,5,50,441,Beginner,Beginner
3935,2,3,5,50,427,Beginner,Beginner
3936,2,2,6,60,294,Beginner,Beginner
3937,3,5,9,90,276,Beginner,Intermediate
3938,2,4,1,10,452,Beginner,Beginner
3939,3,5,10,100,261,Beginner,Intermediate
3940,4,8,6,60,297,Beginner,Beginner
3941,3,4,1,10,481,Advanced,Intermediate
3942,5,9,6,60,424,Intermediate,Intermediate
3943,1,7,2,20,494,Intermediate,Beginner
3944,4,10,8,80,277,Advanced,Advanced
3945,4,7,3,30,445,Beginner,Beginner
3946,5,8,10,100,173,Beginner,Intermediate
3947,3,6,6,60,319,Advanced,Advanced
3948,1,8,6,60,240,Intermediate,Intermediate
3949,3,3,4,40,382,Advanced,Intermediate
3950,2,10,5,50,363,Advanced,Advanced
3951,3,10,2,20,455,Beginner,Beginner
3952,4,1,10,100,123,Advanced,Advanced
3953,1,6,10,100,174,Advanced,Advanced
3954,3,1,8,80,134,Beginner,Intermediate
3955,1,9,10,100,183,Advanced,Advanced
3956,1,2,7,70,412,Beginner,Beginner
3957,2,2,10,100,231,Intermediate,Advanced
3958,2,7,6,60,363,Beginner,Beginner
3959,4,2,7,70,337,Beginner,Beginner
3960,5,10,1,10,319,Intermediate,Beginner
3961,1,8,5,50,283,Beginner,Beginner
3962,5,6,7,70,252,Intermediate,Intermediate
3963,4,7,1,10,380,Intermediate,Beginner
3964,1,7,2,20,496,Beginner,Beginner
3965,1,6,9,90,245,Beginner,Intermediate
3966,5,10,3,30,368,Intermediate,Beginner
3967,3,9,6,60,405,Advanced,Advanced
3968,2,9,7,70,386,Intermediate,Intermediate
3969,3,7,9,90,213,Intermediate,Advanced
3970,5,9,5,50,287,Intermediate,Intermediate
3971,2,10,4,40,320,Beginner,Beginner
3972,3,3,2,20,384,Intermediate,Beginner
3973,2,3,3,30,323,Advanced,Intermediate
3974,1,1,5,50,330,Intermediate,Intermediate
3975,3,5,2,20,382,Intermediate,Beginner
3976,2,4,4,40,377,Intermediate,Beginner
3977,2,2,1,10,439,Intermediate,Beginner
3978,2,9,4,40,570,Intermediate,Beginner
3979,3,3,7,70,302,Intermediate,Intermediate
3980,4,8,3,30,468,Intermediate,Beginner
3981,3,6,10,100,125,Beginner,Intermediate
3982,5,5,8,80,186,Intermediate,Intermediate
3983,3,1,6,60,448,Advanced,Advanced
3984,2,4,6,60,380,Beginner,Beginner
3985,1,3,1,10,421,Advanced,Intermediate
3986,3,1,5,50,368,Beginner,Beginner
3987,3,5,3,30,492,Beginner,Beginner
3988,2,6,10,100,230,Intermediate,Advanced
3989,1,2,1,10,444,Advanced,Intermediate
3990,1,3,8,80,255,Intermediate,Intermediate
3991,5,6,7,70,283,Beginner,Beginner
3992,3,4,7,70,345,Beginner,Beginner
3993,1,9,10,100,147,Intermediate,Advanced
3994,1,5,10,100,217,Beginner,Intermediate
3995,4,4,10,100,260,Intermediate,Intermediate
3996,4,2,4,40,535,Intermediate,Beginner
3997,1,6,6,60,448,Intermediate,Intermediate
3998,5,10,9,90,132,Beginner,Intermediate
3999,1,2,3,30,452,Beginner,Beginner
4000,2,7,9,90,270,Beginner,Intermediate
4001,3,3,4,40,385,Beginner,Beginner
4002,5,9,5,50,240,Intermediate,Intermediate
4003,2,5,7,70,401,Advanced,Advanced
4004,5,8,6,60,282,Beginner,Beginner
4005,2,6,10,100,277,Beginner,Intermediate
4006,3,10,8,80,230,Beginner,Intermediate
4007,3,8,8,80,195,Advanced,Advanced
4008,4,3,8,80,192,Beginner,Intermediate
4009,2,3,3,30,502,Advanced,Intermediate
4010,4,5,10,100,271,Beginner,Intermediate
4011,2,10,6,60,226,Beginner,Beginner
4012,4,3,7,70,291,Beginner,Beginner
4013,3,8,9,90,248,Intermediate,Advanced
4014,5,10,10,100,250,Intermediate,Intermediate
4015,4,8,10,100,223,Intermediate,Advanced
4016,2,2,4,40,327,Beginner,Beginner
4017,2,4,5,50,262,Beginner,Beginner
4018,3,10,8,80,216,Beginner,Intermediate
4019,2,1,1,10,345,Intermediate,Beginner
4020,1,4,6,60,220,Beginner,Beginner
4021,5,4,4,40,465,Intermediate,Beginner
4022,4,10,5,50,438,Beginner,Beginner
4023,5,9,5,50,321,Beginner,Beginner
4024,3,3,2,20,590,Intermediate,Beginner
4025,4,2,8,80,173,Beginner,Intermediate
4026,4,9,2,20,579,Intermediate,Beginner
4027,1,9,4,40,577,Beginner,Beginner
4028,3,1,5,50,235,Beginner,Beginner
4029,2,6,1,10,312,Advanced,Intermediate
4030,1,10,6,60,319,Beginner,Beginner
4031,1,8,2,20,386,Intermediate,Beginner
4032,5,3,5,50,297,Advanced,Advanced
4033,5,9,6,60,379,Beginner,Beginner
4034,5,2,8,80,186,Advanced,Advanced
4035,1,6,9,90,210,Beginner,Intermediate
4036,2,1,6,60,430,Intermediate,Intermediate
4037,4,7,5,50,433,Intermediate,Intermediate
4038,5,3,4,40,484,Advanced,Intermediate
4039,2,7,2,20,332,Intermediate,Beginner
4040,3,4,2,20,414,Intermediate,Beginner
4041,5,9,7,70,238,Intermediate,Intermediate
4042,4,5,5,50,383,Beginner,Beginner
4043,3,3,7,70,417,Intermediate,Intermediate
4044,3,8,1,10,442,Beginner,Beginner
4045,4,6,1,10,527,Intermediate,Beginner
4046,5,2,5,50,339,Intermediate,Intermediate
4047,1,3,2,20,323,Advanced,Intermediate
4048,4,8,8,80,146,Intermediate,Intermediate
4049,4,10,3,30,374,Advanced,Intermediate
4050,4,7,1,10,540,Beginner,Beginner
4051,3,10,2,20,322,Beginner,Beginner
4052,2,6,10,100,160,Intermediate,Advanced
4053,1,1,10,100,175,Intermediate,Advanced
4054,5,9,7,70,376,Intermediate,Intermediate
4055,5,3,6,60,378,Intermediate,Intermediate
4056,2,5,8,80,217,Beginner,Intermediate
4057,4,7,7,70,365,Intermediate,Intermediate
4058,1,7,10,100,125,Beginner,Intermediate
4059,5,3,8,80,159,Beginner,Intermediate
4060,5,4,3,30,492,Beginner,Beginner
4061,4,10,6,60,261,Intermediate,Intermediate
4062,2,7,7,70,441,Intermediate,Intermediate
4063,1,8,10,100,151,Beginner,Intermediate
4064,2,2,1,10,309,Intermediate,Beginner
4065,2,9,1,10,534,Beginner,Beginner
4066,1,7,7,70,288,Advanced,Advanced
4067,1,8,3,30,564,Intermediate,Beginner
4068,5,6,3,30,368,Beginner,Beginner
4069,5,6,5,50,408,Advanced,Advanced
4070,1,9,6,60,358,Beginner,Beginner
4071,3,4,2,20,518,Intermediate,Beginner
4072,5,5,3,30,495,Intermediate,Beginner
4073,3,9,6,60,293,Beginner,Beginner
4074,1,1,3,30,402,Intermediate,Beginner
4075,5,4,5,50,444,Beginner,Beginner
4076,2,7,9,90,242,Advanced,Advanced
4077,1,9,3,30,401,Beginner,Beginner
4078,4,10,6,60,227,Beginner,Beginner
4079,3,6,5,50,396,Intermediate,Intermediate
4080,1,8,5,50,371,Beginner,Beginner
4081,1,9,6,60,380,Intermediate,Intermediate
4082,5,10,6,60,238,Advanced,Advanced
4083,5,4,1,10,557,Intermediate,Beginner
4084,5,1,9,90,174,Beginner,Intermediate
4085,4,8,5,50,358,Intermediate,Intermediate
4086,5,2,1,10,526,Advanced,Intermediate
4087,1,1,8,80,136,Beginner,Intermediate
4088,5,7,7,70,389,Intermediate,Intermediate
4089,2,10,7,70,280,Beginner,Intermediate
4090,5,9,5,50,350,Advanced,Advanced
4091,4,9,1,10,385,Intermediate,Beginner
4092,2,3,9,90,154,Advanced,Advanced
4093,1,6,9,90,222,Advanced,Advanced
4094,1,7,8,80,185,Beginner,Intermediate
4095,3,10,5,50,220,Beginner,Beginner
4096,2,9,3,30,434,Beginner,Beginner
4097,3,2,8,80,267,Beginner,Intermediate
4098,2,8,1,10,354,Intermediate,Beginner
4099,2,7,3,30,542,Advanced,Intermediate
4100,4,4,7,70,240,Beginner,Beginner
4101,3,2,4,40,462,Intermediate,Beginner
4102,4,8,7,70,319,Advanced,Advanced
4103,2,5,5,50,227,Beginner,Beginner
4104,1,6,6,60,287,Beginner,Beginner
4105,2,7,7,70,326,Intermediate,Intermediate
4106,4,10,10,100,263,Intermediate,Intermediate
4107,3,1,7,70,286,Advanced,Advanced
4108,3,8,7,70,418,Beginner,Intermediate
4109,4,4,7,70,411,Advanced,Advanced
4110,3,9,7,70,221,Intermediate,Intermediate
4111,5,1,3,30,556,Beginner,Beginner
4112,1,2,3,30,300,Beginner,Beginner
4113,1,6,7,70,321,Beginner,Beginner
4114,1,10,2,20,414,Beginner,Beginner
4115,3,1,2,20,387,Beginner,Beginner
4116,3,4,3,30,496,Intermediate,Beginner
4117,2,8,4,40,391,Intermediate,Beginner
4118,2,10,6,60,237,Intermediate,Intermediate
4119,1,5,8,80,207,Beginner,Intermediate
4120,5,9,10,100,279,Intermediate,Intermediate
4121,2,6,10,100,152,Intermediate,Advanced
4122,2,1,7,70,421,Advanced,Advanced
4123,3,6,4,40,372,Advanced,Intermediate
4124,5,6,2,20,495,Advanced,Intermediate
4125,1,6,2,20,583,Intermediate,Beginner
4126,2,8,4,40,386,Beginner,Beginner
4127,5,6,6,60,272,Beginner,Beginner
4128,5,5,3,30,523,Advanced,Intermediate
4129,1,2,6,60,263,Intermediate,Intermediate
4130,5,4,5,50,299,Intermediate,Intermediate
4131,5,10,5,50,402,Advanced,Advanced
4132,5,5,2,20,437,Intermediate,Beginner
4133,2,10,8,80,133,Beginner,Intermediate
4134,1,4,5,50,322,Beginner,Beginner
4135,5,2,2,20,335,Beginner,Beginner
4136,5,7,7,70,253,Intermediate,Intermediate
4137,2,10,9,90,207,Intermediate,Advanced
4138,1,10,9,90,265,Advanced,Advanced
4139,3,2,1,10,315,Intermediate,Beginner
4140,2,1,7,70,384,Beginner,Beginner
4141,1,5,9,90,160,Beginner,Intermediate
4142,5,1,6,60,244,Intermediate,Intermediate
4143,1,1,1,10,425,Advanced,Intermediate
4144,1,1,2,20,307,Beginner,Beginner
4145,1,6,4,40,475,Advanced,Intermediate
4146,3,9,4,40,527,Beginner,Beginner
4147,1,10,2,20,317,Beginner,Beginner
4148,3,1,8,80,175,Advanced,Advanced
4149,5,5,2,20,334,Beginner,Beginner
4150,3,9,3,30,417,Intermediate,Beginner
4151,5,9,4,40,581,Beginner,Beginner
4152,5,1,9,90,180,Advanced,Advanced
4153,3,8,10,100,207,Advanced,Advanced
4154,2,1,1,10,570,Advanced,Intermediate
4155,4,8,8,80,210,Beginner,Intermediate
4156,1,1,5,50,251,Beginner,Beginner
4157,4,5,7,70,359,Intermediate,Intermediate
4158,1,8,8,80,252,Beginner,Intermediate
4159,1,6,5,50,283,Intermediate,Intermediate
4160,5,9,8,80,205,Intermediate,Intermediate
4161,1,1,10,100,274,Beginner,Intermediate
4162,1,9,8,80,164,Intermediate,Intermediate
4163,3,1,9,90,154,Advanced,Advanced
4164,4,10,2,20,325,Advanced,Intermediate
4165,3,10,3,30,322,Beginner,Beginner
4166,1,3,1,10,440,Beginner,Beginner
4167,5,1,4,40,584,Beginner,Beginner
4168,3,3,5,50,413,Beginner,Beginner
4169,3,2,1,10,455,Beginner,Beginner
4170,2,2,8,80,232,Advanced,Advanced
4171,1,9,2,20,438,Beginner,Beginner
4172,5,8,1,10,508,Beginner,Beginner
4173,3,1,2,20,385,Beginner,Beginner
4174,3,4,5,50,248,Beginner,Beginner
4175,5,1,9,90,179,Beginner,Intermediate
4176,1,1,9,90,173,Intermediate,Advanced
4177,2,4,2,20,392,Intermediate,Beginner
4178,3,2,2,20,564,Beginner,Beginner
4179,2,3,3,30,512,Beginner,Beginner
4180,4,9,7,70,296,Intermediate,Intermediate
4181,1,2,3,30,309,Beginner,Beginner
4182,4,4,1,10,502,Beginner,Beginner
4183,4,1,6,60,415,Advanced,Advanced
4184,4,2,3,30,357,Intermediate,Beginner
4185,1,5,1,10,555,Intermediate,Beginner
4186,1,10,4,40,522,Advanced,Intermediate
4187,5,1,1,10,479,Intermediate,Beginner
4188,2,7,1,10,334,Advanced,Intermediate
4189,2,4,2,20,402,Advanced,Intermediate
4190,5,6,10,100,279,Beginner,Intermediate
4191,5,8,8,80,216,Advanced,Advanced
4192,4,6,2,20,435,Beginner,Beginner
4193,5,2,2,20,525,Beginner,Beginner
4194,3,1,10,100,255,Advanced,Advanced
4195,2,8,10,100,225,Advanced,Advanced
4196,5,8,8,80,190,Intermediate,Intermediate
4197,3,9,6,60,296,Beginner,Beginner
4198,3,6,4,40,353,Intermediate,Beginner
4199,3,1,3,30,576,Intermediate,Beginner
4200,3,9,1,10,410,Beginner,Beginner
4201,4,3,3,30,523,Advanced,Intermediate
4202,3,6,9,90,194,Beginner,Intermediate
4203,4,10,5,50,233,Beginner,Beginner
4204,4,10,6,60,422,Beginner,Beginner
4205,3,9,5,50,221,Beginner,Beginner
4206,2,3,1,10,488,Intermediate,Beginner
4207,3,5,10,100,227,Beginner,Intermediate
4208,3,5,1,10,538,Advanced,Intermediate
4209,3,10,4,40,390,Beginner,Beginner
4210,2,7,3,30,483,Intermediate,Beginner
4211,1,4,8,80,136,Intermediate,Intermediate
4212,1,4,7,70,416,Beginner,Beginner
4213,4,7,7,70,231,Intermediate,Intermediate
4214,4,9,8,80,265,Advanced,Advanced
4215,2,4,10,100,145,Intermediate,Advanced
4216,5,4,7,70,442,Intermediate,Intermediate
4217,1,6,10,100,156,Advanced,Advanced
4218,4,6,2,20,369,Advanced,Intermediate
4219,1,7,4,40,468,Beginner,Beginner
4220,2,1,6,60,298,Intermediate,Intermediate
4221,2,3,3,30,469,Beginner,Beginner
4222,5,9,3,30,552,Beginner,Beginner
4223,5,6,6,60,309,Beginner,Beginner
4224,2,6,1,10,441,Advanced,Intermediate
4225,4,5,1,10,572,Intermediate,Beginner
4226,1,3,5,50,444,Beginner,Beginner
4227,3,5,1,10,482,Beginner,Beginner
4228,5,1,10,100,172,Advanced,Advanced
4229,3,3,8,80,237,Beginner,Intermediate
4230,4,4,2,20,458,Beginner,Beginner
4231,5,5,6,60,409,Advanced,Advanced
4232,3,10,10,100,255,Intermediate,Intermediate
4233,4,9,10,100,277,Beginner,Intermediate
4234,1,4,5,50,296,Intermediate,Intermediate
4235,4,3,10,100,199,Advanced,Advanced
4236,5,10,4,40,344,Advanced,Intermediate
4237,2,1,1,10,317,Beginner,Beginner
4238,1,10,3,30,504,Beginner,Beginner
4239,3,6,4,40,382,Beginner,Beginner
4240,5,7,2,20,349,Intermediate,Beginner
4241,2,10,2,20,580,Intermediate,Beginner
4242,4,8,2,20,465,Beginner,Beginner
4243,2,1,1,10,542,Advanced,Intermediate
4244,5,4,10,100,240,Intermediate,Advanced
4245,5,5,2,20,463,Intermediate,Beginner
4246,2,2,6,60,287,Advanced,Advanced
4247,4,1,3,30,355,Intermediate,Beginner
4248,2,8,10,100,158,Beginner,Intermediate
4249,5,6,5,50,282,Intermediate,Intermediate
4250,5,5,1,10,427,Advanced,Intermediate
4251,3,9,8,80,254,Beginner,Intermediate
4252,3,2,4,40,421,Advanced,Intermediate
4253,1,10,9,90,178,Beginner,Intermediate
4254,5,8,4,40,538,Beginner,Beginner
4255,3,10,2,20,514,Beginner,Beginner
4256,2,9,3,30,591,Advanced,Intermediate
4257,4,1,5,50,443,Intermediate,Intermediate
4258,2,7,10,100,207,Beginner,Intermediate
4259,4,8,6,60,244,Advanced,Advanced
4260,3,3,7,70,392,Intermediate,Intermediate
4261,1,4,4,40,519,Advanced,Intermediate
4262,2,3,7,70,238,Beginner,Beginner
4263,2,7,10,100,254,Beginner,Intermediate
4264,2,9,3,30,532,Intermediate,Beginner
4265,4,3,7,70,428,Advanced,Advanced
4266,3,6,4,40,365,Intermediate,Beginner
4267,2,8,8,80,199,Intermediate,Intermediate
4268,2,6,9,90,244,Advanced,Advanced
4269,1,2,7,70,365,Beginner,Beginner
4270,1,7,8,80,222,Intermediate,Intermediate
4271,3,2,8,80,248,Beginner,Intermediate
4272,3,2,2,20,576,Beginner,Beginner
4273,5,2,9,90,245,Beginner,Intermediate
4274,1,1,6,60,343,Advanced,Advanced
4275,5,1,4,40,566,Advanced,Intermediate
4276,4,7,5,50,241,Beginner,Beginner
4277,5,5,10,100,230,Beginner,Intermediate
4278,2,3,5,50,344,Beginner,Beginner
4279,5,1,7,70,276,Advanced,Advanced
4280,3,10,9,90,208,Intermediate,Advanced
4281,4,6,7,70,350,Advanced,Advanced
4282,2,1,9,90,277,Advanced,Advanced
4283,5,9,4,40,515,Beginner,Beginner
4284,4,2,10,100,247,Beginner,Intermediate
4285,4,1,10,100,164,Intermediate,Advanced
4286,2,7,4,40,335,Beginner,Beginner
4287,5,6,6,60,306,Beginner,Beginner
4288,4,6,8,80,237,Beginner,Intermediate
4289,4,5,9,90,191,Intermediate,Advanced
4290,1,4,1,10,481,Intermediate,Beginner
4291,4,4,1,10,367,Beginner,Beginner
4292,1,3,8,80,222,Intermediate,Intermediate
4293,5,10,7,70,378,Beginner,Intermediate
4294,5,8,9,90,148,Advanced,Advanced
4295,5,7,3,30,463,Intermediate,Beginner
4296,3,9,10,100,224,Beginner,Intermediate
4297,5,1,5,50,292,Intermediate,Intermediate
4298,4,7,3,30,418,Intermediate,Beginner
4299,2,10,5,50,304,Beginner,Beginner
4300,1,4,10,100,208,Beginner,Intermediate
4301,3,7,1,10,375,Advanced,Intermediate
4302,5,1,4,40,520,Beginner,Beginner
4303,5,5,6,60,358,Intermediate,Intermediate
4304,2,3,2,20,540,Advanced,Intermediate
4305,2,5,7,70,373,Beginner,Beginner
4306,3,4,8,80,172,Beginner,Intermediate
4307,1,2,1,10,441,Advanced,Intermediate
4308,5,4,4,40,330,Beginner,Beginner
4309,3,3,4,40,522,Intermediate,Beginner
4310,4,1,5,50,255,Intermediate,Intermediate
4311,4,10,4,40,565,Advanced,Intermediate
4312,3,8,9,90,145,Advanced,Advanced
4313,5,5,7,70,239,Advanced,Advanced
4314,3,4,2,20,343,Intermediate,Beginner
4315,5,10,1,10,361,Advanced,Intermediate
4316,2,5,9,90,198,Advanced,Advanced
4317,3,4,1,10,308,Advanced,Intermediate
4318,5,3,6,60,290,Advanced,Advanced
4319,3,5,2,20,389,Beginner,Beginner
4320,3,4,4,40,323,Intermediate,Beginner
4321,5,1,6,60,359,Beginner,Beginner
4322,5,3,5,50,279,Beginner,Beginner
4323,1,10,6,60,303,Beginner,Beginner
4324,3,10,3,30,377,Advanced,Intermediate
4325,4,8,5,50,433,Beginner,Beginner
4326,3,7,2,20,315,Intermediate,Beginner
4327,3,2,7,70,248,Intermediate,Intermediate
4328,5,1,3,30,590,Beginner,Beginner
4329,3,3,1,10,342,Intermediate,Beginner
4330,3,5,8,80,215,Intermediate,Intermediate
4331,4,10,8,80,238,Advanced,Advanced
4332,5,1,3,30,352,Beginner,Beginner
4333,3,3,7,70,239,Beginner,Beginner
4334,2,3,9,90,234,Intermediate,Advanced
4335,1,5,8,80,127,Beginner,Intermediate
4336,4,3,3,30,421,Beginner,Beginner
4337,3,9,2,20,341,Beginner,Beginner
4338,2,1,10,100,196,Intermediate,Advanced
4339,3,4,7,70,289,Beginner,Beginner
4340,3,10,7,70,330,Intermediate,Intermediate
4341,5,10,9,90,135,Advanced,Advanced
4342,5,4,5,50,288,Advanced,Advanced
4343,5,1,4,40,352,Beginner,Beginner
4344,2,2,8,80,125,Intermediate,Intermediate
4345,3,1,4,40,588,Beginner,Beginner
4346,1,6,4,40,314,Beginner,Beginner
4347,4,3,2,20,569,Beginner,Beginner
4348,5,7,1,10,466,Beginner,Beginner
4349,5,5,4,40,362,Intermediate,Beginner
4350,3,9,7,70,224,Advanced,Advanced
4351,3,7,9,90,240,Advanced,Advanced
4352,2,4,9,90,209,Beginner,Intermediate
4353,2,5,10,100,226,Intermediate,Advanced
4354,5,5,1,10,479,Beginner,Beginner
4355,3,5,5,50,235,Intermediate,Intermediate
4356,1,10,7,70,318,Beginner,Intermediate
4357,4,9,7,70,385,Advanced,Advanced
4358,3,10,10,100,172,Advanced,Advanced
4359,3,3,6,60,434,Beginner,Beginner
4360,2,6,10,100,196,Advanced,Advanced
4361,4,8,4,40,524,Intermediate,Beginner
4362,5,9,3,30,392,Intermediate,Beginner
4363,3,7,9,90,217,Intermediate,Advanced
4364,5,3,10,100,217,Intermediate,Advanced
4365,3,1,4,40,518,Advanced,Intermediate
4366,5,4,8,80,262,Advanced,Advanced
4367,4,6,1,10,581,Intermediate,Beginner
4368,2,3,7,70,222,Advanced,Advanced
4369,4,1,6,60,319,Advanced,Advanced
4370,1,6,1,10,346,Beginner,Beginner
4371,2,1,4,40,304,Beginner,Beginner
4372,4,9,5,50,281,Intermediate,Intermediate
4373,1,1,8,80,203,Advanced,Advanced
4374,3,6,4,40,432,Beginner,Beginner
4375,3,1,3,30,362,Intermediate,Beginner
4376,5,7,2,20,580,Beginner,Beginner
4377,2,3,4,40,343,Advanced,Intermediate
4378,3,6,10,100,272,Advanced,Advanced
4379,2,7,4,40,569,Intermediate,Beginner
4380,3,1,10,100,205,Intermediate,Advanced
4381,5,1,5,50,390,Advanced,Advanced
4382,4,5,7,70,375,Beginner,Beginner
4383,5,6,9,90,138,Advanced,Advanced
4384,1,9,2,20,319,Beginner,Beginner
4385,3,1,5,50,446,Intermediate,Intermediate
4386,1,4,10,100,198,Intermediate,Advanced
4387,1,10,9,90,258,Intermediate,Intermediate
4388,2,8,3,30,397,Advanced,Intermediate
4389,3,10,1,10,451,Advanced,Intermediate
4390,1,9,2,20,497,Advanced,Intermediate
4391,4,3,6,60,236,Beginner,Beginner
4392,1,2,5,50,375,Beginner,Beginner
4393,4,4,1,10,349,Intermediate,Beginner
4394,2,2,1,10,527,Advanced,Intermediate
4395,1,1,4,40,309,Intermediate,Beginner
4396,5,3,4,40,448,Advanced,Intermediate
4397,2,7,6,60,277,Advanced,Advanced
4398,4,1,6,60,381,Intermediate,Intermediate
4399,2,2,10,100,214,Advanced,Advanced
4400,1,1,6,60,440,Advanced,Advanced
4401,3,8,1,10,406,Advanced,Intermediate
4402,3,5,10,100,258,Intermediate,Intermediate
4403,4,8,9,90,152,Advanced,Advanced
4404,4,3,7,70,405,Beginner,Beginner
4405,3,7,7,70,265,Intermediate,Intermediate
4406,4,8,7,70,408,Beginner,Intermediate
4407,2,6,2,20,428,Beginner,Beginner
4408,5,7,2,20,386,Advanced,Intermediate
4409,5,2,6,60,292,Intermediate,Intermediate
4410,2,8,7,70,403,Beginner,Intermediate
4411,5,5,3,30,556,Beginner,Beginner
4412,1,7,4,40,576,Advanced,Intermediate
4413,2,1,3,30,577,Advanced,Intermediate
4414,4,5,7,70,401,Beginner,Beginner
4415,2,1,7,70,223,Advanced,Advanced
4416,3,8,4,40,364,Beginner,Beginner
4417,4,4,7,70,398,Intermediate,Intermediate
4418,3,4,5,50,421,Intermediate,Intermediate
4419,4,2,1,10,362,Advanced,Intermediate
4420,5,5,10,100,262,Advanced,Advanced
4421,2,1,4,40,543,Beginner,Beginner
4422,1,9,7,70,255,Intermediate,Intermediate
4423,4,5,2,20,584,Beginner,Beginner
4424,4,6,2,20,479,Intermediate,Beginner
4425,3,2,1,10,473,Intermediate,Beginner
4426,5,10,2,20,410,Beginner,Beginner
4427,3,10,10,100,272,Intermediate,Intermediate
4428,3,1,8,80,263,Beginner,Intermediate
4429,5,4,8,80,219,Intermediate,Intermediate
4430,1,7,8,80,160,Advanced,Advanced
4431,3,6,1,10,539,Intermediate,Beginner
4432,3,10,1,10,525,Advanced,Intermediate
4433,4,1,10,100,167,Beginner,Intermediate
4434,5,1,4,40,507,Intermediate,Beginner
4435,2,8,6,60,376,Intermediate,Intermediate
4436,1,4,8,80,263,Beginner,Intermediate
4437,1,5,2,20,410,Beginner,Beginner
4438,5,7,3,30,431,Advanced,Intermediate
4439,4,8,6,60,332,Intermediate,Intermediate
4440,4,10,10,100,187,Intermediate,Advanced
4441,5,7,4,40,388,Intermediate,Beginner
4442,4,2,2,20,460,Advanced,Intermediate
4443,1,4,7,70,297,Beginner,Beginner
4444,1,10,4,40,374,Advanced,Intermediate
4445,2,1,8,80,144,Beginner,Intermediate
4446,5,10,8,80,275,Intermediate,Intermediate
4447,3,9,7,70,226,Beginner,Intermediate
4448,3,3,10,100,232,Advanced,Advanced
4449,2,3,9,90,155,Intermediate,Advanced
4450,2,10,4,40,565,Intermediate,Beginner
4451,4,9,7,70,332,Beginner,Intermediate
4452,2,10,10,100,155,Intermediate,Advanced
4453,2,3,10,100,137,Beginner,Intermediate
4454,3,8,1,10,540,Intermediate,Beginner
4455,4,2,4,40,433,Advanced,Intermediate
4456,2,3,2,20,519,Advanced,Intermediate
4457,2,2,9,90,254,Beginner,Intermediate
4458,4,1,5,50,321,Advanced,Advanced
4459,5,2,3,30,439,Advanced,Intermediate
4460,4,8,4,40,468,Intermediate,Beginner
4461,3,9,6,60,410,Intermediate,Intermediate
4462,5,2,10,100,144,Advanced,Advanced
4463,1,7,1,10,332,Intermediate,Beginner
4464,4,5,7,70,306,Intermediate,Intermediate
4465,3,3,8,80,192,Intermediate,Intermediate
4466,5,9,7,70,225,Beginner,Intermediate
4467,4,6,7,70,409,Advanced,Advanced
4468,2,1,9,90,256,Intermediate,Intermediate
4469,4,5,4,40,515,Intermediate,Beginner
4470,1,7,7,70,312,Beginner,Intermediate
4471,4,4,9,90,227,Beginner,Intermediate
4472,5,8,5,50,402,Intermediate,Intermediate
4473,5,10,2,20,467,Intermediate,Beginner
4474,4,5,5,50,245,Advanced,Advanced
4475,5,9,4,40,337,Beginner,Beginner
4476,2,9,8,80,261,Beginner,Intermediate
4477,4,9,5,50,394,Intermediate,Intermediate
4478,2,1,9,90,222,Intermediate,Advanced
4479,2,2,9,90,161,Beginner,Intermediate
4480,3,3,3,30,446,Beginner,Beginner
4481,4,4,10,100,185,Advanced,Advanced
4482,5,10,6,60,394,Beginner,Beginner
4483,2,9,6,60,412,Advanced,Advanced
4484,3,10,4,40,337,Beginner,Beginner
4485,4,6,10,100,260,Intermediate,Intermediate
4486,4,1,3,30,405,Beginner,Beginner
4487,1,9,1,10,451,Advanced,Intermediate
4488,1,6,7,70,315,Beginner,Beginner
4489,2,4,5,50,377,Beginner,Beginner
4490,1,4,10,100,189,Beginner,Intermediate
4491,2,3,7,70,257,Advanced,Advanced
4492,5,7,1,10,396,Advanced,Intermediate
4493,2,3,8,80,227,Beginner,Intermediate
4494,1,2,3,30,418,Beginner,Beginner
4495,5,10,7,70,370,Advanced,Advanced
4496,1,8,3,30,373,Advanced,Intermediate
4497,2,4,3,30,356,Intermediate,Beginner
4498,3,8,10,100,229,Advanced,Advanced
4499,4,1,9,90,198,Beginner,Intermediate
4500,1,5,2,20,551,Beginner,Beginner
4501,2,9,4,40,591,Beginner,Beginner
4502,5,1,6,60,276,Intermediate,Intermediate
4503,1,4,3,30,554,Intermediate,Beginner
4504,1,6,10,100,248,Beginner,Intermediate
4505,4,10,10,100,122,Beginner,Intermediate
4506,2,8,7,70,233,Intermediate,Intermediate
4507,3,3,7,70,428,Beginner,Beginner
4508,5,5,5,50,253,Beginner,Beginner
4509,2,7,3,30,537,Advanced,Intermediate
4510,5,1,2,20,478,Beginner,Beginner
4511,1,7,4,40,403,Beginner,Beginner
4512,4,8,4,40,328,Intermediate,Beginner
4513,4,8,8,80,167,Advanced,Advanced
4514,3,9,8,80,213,Intermediate,Intermediate
4515,4,6,5,50,298,Beginner,Beginner
4516,1,6,6,60,336,Advanced,Advanced
4517,3,2,8,80,263,Intermediate,Intermediate
4518,2,3,1,10,484,Beginner,Beginner
4519,4,4,5,50,444,Intermediate,Intermediate
4520,3,4,4,40,437,Intermediate,Beginner
4521,1,8,4,40,463,Intermediate,Beginner
4522,5,1,2,20,374,Advanced,Intermediate
4523,5,10,10,100,147,Intermediate,Advanced
4524,1,4,1,10,554,Advanced,Intermediate
4525,1,4,6,60,427,Intermediate,Intermediate
4526,5,1,7,70,228,Beginner,Beginner
4527,3,3,5,50,422,Intermediate,Intermediate
4528,5,5,8,80,253,Beginner,Intermediate
4529,1,6,9,90,242,Beginner,Intermediate
4530,4,9,2,20,390,Advanced,Intermediate
4531,2,9,4,40,449,Intermediate,Beginner
4532,4,9,9,90,223,Beginner,Intermediate
4533,4,1,5,50,395,Intermediate,Intermediate
4534,1,9,3,30,332,Beginner,Beginner
4535,5,8,6,60,428,Advanced,Advanced
4536,3,2,3,30,483,Beginner,Beginner
4537,4,1,5,50,376,Intermediate,Intermediate
4538,5,1,3,30,352,Intermediate,Beginner
4539,3,6,6,60,259,Intermediate,Intermediate
4540,4,9,10,100,137,Beginner,Intermediate
4541,3,7,5,50,394,Intermediate,Intermediate
4542,5,5,9,90,132,Advanced,Advanced
4543,2,2,3,30,373,Advanced,Intermediate
4544,5,1,6,60,315,Intermediate,Intermediate
4545,1,2,8,80,224,Intermediate,Intermediate
4546,3,1,7,70,392,Beginner,Beginner
4547,2,3,6,60,350,Beginner,Beginner
4548,3,6,2,20,454,Advanced,Intermediate
4549,3,8,7,70,402,Advanced,Advanced
4550,4,3,8,80,186,Intermediate,Intermediate
4551,1,10,1,10,588,Intermediate,Beginner
4552,3,9,9,90,121,Beginner,Intermediate
4553,5,10,4,40,374,Beginner,Beginner
4554,5,5,8,80,193,Intermediate,Intermediate
4555,4,7,10,100,254,Advanced,Advanced
4556,1,8,7,70,362,Intermediate,Intermediate
4557,1,3,10,100,145,Beginner,Intermediate
4558,5,2,7,70,358,Beginner,Beginner
4559,2,2,2,20,427,Beginner,Beginner
4560,4,5,1,10,465,Intermediate,Beginner
4561,4,1,4,40,326,Advanced,Intermediate
4562,5,2,2,20,545,Advanced,Intermediate
4563,5,9,8,80,254,Advanced,Advanced
4564,2,7,10,100,248,Intermediate,Advanced
4565,2,6,7,70,421,Intermediate,Intermediate
4566,1,9,8,80,140,Advanced,Advanced
4567,4,7,6,60,298,Intermediate,Intermediate
4568,4,5,1,10,457,Advanced,Intermediate
4569,5,9,9,90,213,Advanced,Advanced
4570,1,6,6,60,227,Beginner,Beginner
4571,4,6,10,100,202,Intermediate,Advanced
4572,1,4,1,10,558,Beginner,Beginner
4573,1,1,1,10,354,Beginner,Beginner
4574,5,5,8,80,262,Beginner,Intermediate
4575,1,9,6,60,255,Advanced,Advanced
4576,2,8,8,80,125,Advanced,Advanced
4577,2,8,8,80,240,Beginner,Intermediate
4578,3,5,8,80,161,Beginner,Intermediate
4579,5,9,10,100,169,Intermediate,Advanced
4580,3,3,7,70,331,Intermediate,Intermediate
4581,2,3,7,70,365,Intermediate,Intermediate
4582,3,1,10,100,169,Intermediate,Advanced
4583,5,9,4,40,329,Intermediate,Beginner
4584,5,6,9,90,158,Beginner,Intermediate
4585,1,2,2,20,415,Intermediate,Beginner
4586,4,8,9,90,259,Beginner,Intermediate
4587,1,9,10,100,178,Beginner,Intermediate
4588,5,9,3,30,375,Beginner,Beginner
4589,2,2,2,20,515,Intermediate,Beginner
4590,2,2,4,40,431,Advanced,Intermediate
4591,1,7,5,50,383,Intermediate,Intermediate
4592,5,4,2,20,380,Intermediate,Beginner
4593,2,1,1,10,366,Intermediate,Beginner
4594,5,8,10,100,196,Beginner,Intermediate
4595,2,2,5,50,356,Beginner,Beginner
4596,5,3,9,90,140,Advanced,Advanced
4597,3,5,5,50,324,Beginner,Beginner
4598,5,3,10,100,191,Intermediate,Advanced
4599,5,7,9,90,135,Beginner,Intermediate
4600,1,7,10,100,263,Advanced,Advanced
4601,3,2,6,60,247,Advanced,Advanced
4602,4,7,3,30,478,Beginner,Beginner
4603,1,6,4,40,379,Intermediate,Beginner
4604,4,10,4,40,356,Beginner,Beginner
4605,2,9,1,10,473,Intermediate,Beginner
4606,4,9,3,30,537,Beginner,Beginner
4607,5,2,3,30,465,Beginner,Beginner
4608,4,7,1,10,383,Beginner,Beginner
4609,1,5,9,90,167,Advanced,Advanced
4610,1,6,1,10,426,Advanced,Intermediate
4611,4,1,9,90,217,Beginner,Intermediate
4612,1,7,1,10,366,Intermediate,Beginner
4613,1,6,2,20,493,Beginner,Beginner
4614,4,4,2,20,454,Beginner,Beginner
4615,3,1,6,60,379,Advanced,Advanced
4616,3,9,7,70,403,Beginner,Intermediate
4617,2,4,1,10,565,Intermediate,Beginner
4618,1,2,3,30,467,Intermediate,Beginner
4619,4,8,2,20,444,Beginner,Beginner
4620,1,2,8,80,237,Intermediate,Intermediate
4621,5,5,9,90,216,Advanced,Advanced
4622,1,6,2,20,561,Advanced,Intermediate
4623,1,8,2,20,573,Beginner,Beginner
4624,3,1,10,100,191,Advanced,Advanced
4625,4,1,9,90,208,Advanced,Advanced
4626,1,4,4,40,522,Beginner,Beginner
4627,3,5,5,50,261,Beginner,Beginner
4628,2,9,9,90,123,Beginner,Intermediate
4629,3,7,6,60,239,Beginner,Beginner
4630,3,7,10,100,147,Intermediate,Advanced
4631,3,8,9,90,223,Beginner,Intermediate
4632,1,5,9,90,163,Beginner,Intermediate
4633,1,5,7,70,242,Beginner,Beginner
4634,2,1,10,100,166,Intermediate,Advanced
4635,5,9,9,90,132,Intermediate,Advanced
4636,5,6,5,50,363,Intermediate,Intermediate
4637,5,9,5,50,437,Beginner,Beginner
4638,2,3,8,80,214,Intermediate,Intermediate
4639,5,5,10,100,135,Beginner,Intermediate
4640,5,2,4,40,464,Advanced,Intermediate
4641,3,10,9,90,236,Beginner,Intermediate
4642,1,5,7,70,229,Beginner,Beginner
4643,1,8,7,70,341,Beginner,Intermediate
4644,3,2,3,30,337,Beginner,Beginner
4645,3,8,4,40,343,Beginner,Beginner
4646,3,4,7,70,314,Intermediate,Intermediate
4647,1,10,5,50,293,Advanced,Advanced
4648,5,10,3,30,525,Beginner,Beginner
4649,3,1,1,10,312,Intermediate,Beginner
4650,2,5,7,70,388,Intermediate,Intermediate
4651,3,1,6,60,231,Beginner,Beginner
4652,4,7,10,100,169,Beginner,Intermediate
4653,3,8,7,70,276,Beginner,Intermediate
4654,1,3,2,20,548,Advanced,Intermediate
4655,3,3,4,40,418,Advanced,Intermediate
4656,4,7,2,20,356,Beginner,Beginner
4657,2,4,8,80,127,Beginner,Intermediate
4658,5,3,7,70,325,Advanced,Advanced
4659,3,8,1,10,490,Intermediate,Beginner
4660,4,3,2,20,436,Advanced,Intermediate
4661,4,7,2,20,487,Beginner,Beginner
4662,2,2,4,40,419,Advanced,Intermediate
4663,1,1,3,30,541,Advanced,Intermediate
4664,3,6,1,10,371,Beginner,Beginner
4665,4,8,2,20,542,Intermediate,Beginner
4666,2,1,9,90,250,Beginner,Intermediate
4667,5,10,1,10,568,Beginner,Beginner
4668,4,9,9,90,256,Intermediate,Intermediate
4669,2,3,7,70,442,Beginner,Beginner
4670,1,3,2,20,351,Intermediate,Beginner
4671,1,4,2,20,361,Beginner,Beginner
4672,4,1,5,50,338,Intermediate,Intermediate
4673,4,9,5,50,328,Beginner,Beginner
4674,3,3,4,40,563,Advanced,Intermediate
4675,2,10,10,100,214,Beginner,Intermediate
4676,4,4,10,100,244,Beginner,Intermediate
4677,3,1,3,30,554,Intermediate,Beginner
4678,3,4,4,40,472,Intermediate,Beginner
4679,4,1,10,100,172,Intermediate,Advanced
4680,1,5,4,40,536,Intermediate,Beginner
4681,2,5,2,20,394,Advanced,Intermediate
4682,2,7,5,50,300,Beginner,Beginner
4683,1,8,5,50,276,Advanced,Advanced
4684,4,4,5,50,401,Intermediate,Intermediate
4685,2,7,10,100,266,Intermediate,Intermediate
4686,4,4,1,10,366,Intermediate,Beginner
4687,4,3,6,60,265,Advanced,Advanced
4688,3,6,2,20,393,Intermediate,Beginner
4689,1,4,7,70,357,Advanced,Advanced
4690,4,3,4,40,392,Beginner,Beginner
4691,5,9,5,50,365,Intermediate,Intermediate
4692,1,5,5,50,359,Beginner,Beginner
4693,2,7,5,50,268,Beginner,Beginner
4694,3,6,2,20,322,Intermediate,Beginner
4695,2,10,5,50,281,Intermediate,Intermediate
4696,2,5,3,30,566,Beginner,Beginner
4697,1,7,4,40,417,Beginner,Beginner
4698,2,6,2,20,387,Intermediate,Beginner
4699,4,10,4,40,388,Intermediate,Beginner
4700,2,2,9,90,174,Beginner,Intermediate
4701,3,3,8,80,272,Beginner,Intermediate
4702,3,2,3,30,538,Advanced,Intermediate
4703,5,3,1,10,564,Advanced,Intermediate
4704,3,1,1,10,567,Beginner,Beginner
4705,2,8,6,60,358,Beginner,Beginner
4706,3,6,3,30,412,Beginner,Beginner
4707,1,2,4,40,465,Advanced,Intermediate
4708,3,8,1,10,455,Advanced,Intermediate
4709,4,6,8,80,127,Beginner,Intermediate
4710,1,7,1,10,501,Advanced,Intermediate
4711,5,1,5,50,436,Beginner,Beginner
4712,4,7,6,60,394,Beginner,Beginner
4713,2,3,2,20,591,Advanced,Intermediate
4714,2,8,7,70,344,Advanced,Advanced
4715,2,6,7,70,269,Advanced,Advanced
4716,4,4,1,10,406,Intermediate,Beginner
4717,4,8,4,40,308,Beginner,Beginner
4718,4,9,4,40,532,Advanced,Intermediate
4719,1,10,5,50,407,Intermediate,Intermediate
4720,1,2,1,10,409,Beginner,Beginner
4721,2,6,1,10,444,Intermediate,Beginner
4722,3,5,7,70,447,Advanced,Advanced
4723,2,5,9,90,172,Advanced,Advanced
4724,5,10,1,10,413,Intermediate,Beginner
4725,1,3,2,20,362,Intermediate,Beginner
4726,4,8,6,60,362,Beginner,Beginner
4727,1,8,6,60,238,Intermediate,Intermediate
4728,4,5,2,20,423,Intermediate,Beginner
4729,5,8,9,90,205,Beginner,Intermediate
4730,5,10,4,40,369,Advanced,Intermediate
4731,1,8,7,70,266,Advanced,Advanced
4732,4,3,6,60,418,Beginner,Beginner
4733,5,2,3,30,500,Advanced,Intermediate
4734,2,9,8,80,139,Intermediate,Intermediate
4735,2,2,7,70,256,Intermediate,Intermediate
4736,4,9,9,90,249,Advanced,Advanced
4737,1,4,3,30,591,Beginner,Beginner
4738,5,2,1,10,363,Advanced,Intermediate
4739,1,10,2,20,562,Beginner,Beginner
4740,2,1,1,10,419,Advanced,Intermediate
4741,5,4,5,50,241,Intermediate,Intermediate
4742,1,9,10,100,165,Beginner,Intermediate
4743,3,9,2,20,467,Beginner,Beginner
4744,4,4,3,30,409,Beginner,Beginner
4745,4,9,8,80,165,Beginner,Intermediate
4746,3,6,10,100,147,Beginner,Intermediate
4747,2,1,5,50,306,Advanced,Advanced
4748,5,10,4,40,590,Advanced,Intermediate
4749,4,6,5,50,348,Advanced,Advanced
4750,3,9,10,100,276,Advanced,Advanced
4751,3,2,6,60,228,Advanced,Advanced
4752,2,6,7,70,228,Beginner,Beginner
4753,2,2,9,90,141,Advanced,Advanced
4754,1,4,1,10,555,Advanced,Intermediate
4755,4,8,4,40,490,Beginner,Beginner
4756,1,7,9,90,189,Intermediate,Advanced
4757,3,9,5,50,402,Intermediate,Intermediate
4758,5,7,8,80,260,Advanced,Advanced
4759,5,1,1,10,501,Intermediate,Beginner
4760,2,2,4,40,364,Advanced,Intermediate
4761,5,6,9,90,259,Beginner,Intermediate
4762,5,7,1,10,342,Beginner,Beginner
4763,5,3,1,10,520,Advanced,Intermediate
4764,3,9,4,40,316,Beginner,Beginner
4765,5,7,3,30,584,Beginner,Beginner
4766,5,6,7,70,402,Intermediate,Intermediate
4767,5,6,3,30,343,Advanced,Intermediate
4768,1,1,1,10,487,Beginner,Beginner
4769,3,5,10,100,253,Beginner,Intermediate
4770,2,10,2,20,562,Intermediate,Beginner
4771,1,3,10,100,173,Intermediate,Advanced
4772,4,7,4,40,519,Beginner,Beginner
4773,3,10,1,10,345,Advanced,Intermediate
4774,3,3,1,10,559,Intermediate,Beginner
4775,4,5,8,80,272,Advanced,Advanced
4776,4,7,7,70,434,Beginner,Intermediate
4777,4,3,8,80,210,Intermediate,Intermediate
4778,2,10,4,40,360,Advanced,Intermediate
4779,5,2,6,60,385,Intermediate,Intermediate
4780,3,6,3,30,459,Beginner,Beginner
4781,5,8,8,80,270,Advanced,Advanced
4782,5,4,4,40,410,Intermediate,Beginner
4783,4,9,3,30,336,Advanced,Intermediate
4784,2,8,4,40,302,Beginner,Beginner
4785,1,7,6,60,446,Intermediate,Intermediate
4786,2,7,7,70,232,Advanced,Advanced
4787,5,3,7,70,381,Intermediate,Intermediate
4788,2,6,4,40,563,Beginner,Beginner
4789,4,5,8,80,202,Beginner,Intermediate
4790,1,1,7,70,228,Beginner,Beginner
4791,4,3,2,20,518,Beginner,Beginner
4792,1,1,8,80,265,Intermediate,Intermediate
4793,5,4,9,90,161,Beginner,Intermediate
4794,1,10,5,50,260,Beginner,Beginner
4795,1,3,4,40,460,Beginner,Beginner
4796,1,4,4,40,528,Intermediate,Beginner
4797,2,9,4,40,533,Intermediate,Beginner
4798,2,3,6,60,308,Intermediate,Intermediate
4799,5,6,4,40,514,Advanced,Intermediate
4800,1,6,7,70,383,Beginner,Beginner
4801,3,7,7,70,316,Intermediate,Intermediate
4802,5,9,5,50,432,Beginner,Beginner
4803,1,7,5,50,317,Beginner,Beginner
4804,1,1,10,100,175,Intermediate,Advanced
4805,2,8,8,80,219,Advanced,Advanced
4806,5,5,7,70,364,Beginner,Beginner
4807,1,9,7,70,229,Beginner,Intermediate
4808,1,10,6,60,434,Intermediate,Intermediate
4809,5,5,7,70,263,Intermediate,Intermediate
4810,3,5,7,70,349,Intermediate,Intermediate
4811,5,2,10,100,261,Intermediate,Intermediate
4812,5,3,2,20,548,Advanced,Intermediate
4813,3,10,10,100,249,Beginner,Intermediate
4814,5,9,2,20,318,Beginner,Beginner
4815,1,7,10,100,199,Beginner,Intermediate
4816,5,1,7,70,308,Intermediate,Intermediate
4817,3,3,10,100,120,Beginner,Intermediate
4818,4,2,7,70,349,Advanced,Advanced
4819,5,1,7,70,246,Intermediate,Intermediate
4820,2,9,5,50,221,Beginner,Beginner
4821,1,8,1,10,549,Beginner,Beginner
4822,1,5,2,20,521,Intermediate,Beginner
4823,2,2,9,90,257,Beginner,Intermediate
4824,2,1,8,80,138,Advanced,Advanced
4825,5,7,8,80,260,Intermediate,Intermediate
4826,2,2,10,100,233,Beginner,Intermediate
4827,4,1,1,10,394,Intermediate,Beginner
4828,3,2,6,60,392,Beginner,Beginner
4829,2,7,9,90,268,Intermediate,Intermediate
4830,2,7,8,80,176,Beginner,Intermediate
4831,4,10,3,30,401,Intermediate,Beginner
4832,1,6,4,40,468,Intermediate,Beginner
4833,1,5,3,30,369,Intermediate,Beginner
4834,5,3,6,60,301,Intermediate,Intermediate
4835,4,3,9,90,168,Beginner,Intermediate
4836,3,9,8,80,210,Intermediate,Intermediate
4837,3,4,10,100,124,Intermediate,Advanced
4838,4,9,4,40,501,Intermediate,Beginner
4839,3,4,2,20,501,Advanced,Intermediate
4840,1,2,8,80,176,Beginner,Intermediate
4841,3,4,8,80,211,Intermediate,Intermediate
4842,3,6,6,60,255,Intermediate,Intermediate
4843,4,6,8,80,257,Intermediate,Intermediate
4844,4,5,9,90,231,Advanced,Advanced
4845,3,1,1,10,447,Beginner,Beginner
4846,2,3,9,90,132,Advanced,Advanced
4847,4,5,2,20,502,Beginner,Beginner
4848,5,6,1,10,355,Intermediate,Beginner
4849,5,1,8,80,164,Intermediate,Intermediate
4850,1,9,8,80,179,Beginner,Intermediate
4851,3,3,4,40,484,Advanced,Intermediate
4852,2,10,8,80,173,Beginner,Intermediate
4853,1,3,7,70,256,Advanced,Advanced
4854,3,2,2,20,510,Intermediate,Beginner
4855,4,8,5,50,256,Intermediate,Intermediate
4856,5,3,10,100,133,Advanced,Advanced
4857,2,6,4,40,519,Intermediate,Beginner
4858,5,2,3,30,527,Beginner,Beginner
4859,4,7,1,10,510,Advanced,Intermediate
4860,3,4,5,50,261,Beginner,Beginner
4861,4,9,10,100,120,Intermediate,Advanced
4862,4,10,8,80,142,Advanced,Advanced
4863,5,9,9,90,147,Intermediate,Advanced
4864,2,7,7,70,351,Beginner,Intermediate
4865,4,8,1,10,487,Beginner,Beginner
4866,5,3,1,10,317,Beginner,Beginner
4867,2,5,1,10,348,Beginner,Beginner
4868,3,2,2,20,346,Beginner,Beginner
4869,3,10,1,10,414,Advanced,Intermediate
4870,1,7,4,40,338,Beginner,Beginner
4871,5,8,10,100,125,Advanced,Advanced
4872,2,9,9,90,172,Advanced,Advanced
4873,4,7,4,40,580,Advanced,Intermediate
4874,3,10,4,40,432,Beginner,Beginner
4875,2,10,7,70,412,Intermediate,Intermediate
4876,5,8,9,90,127,Beginner,Intermediate
4877,1,9,7,70,258,Beginner,Intermediate
4878,3,6,1,10,410,Intermediate,Beginner
4879,2,10,1,10,342,Advanced,Intermediate
4880,2,2,4,40,537,Beginner,Beginner
4881,2,2,4,40,546,Beginner,Beginner
4882,5,4,1,10,303,Beginner,Beginner
4883,5,9,6,60,327,Advanced,Advanced
4884,5,7,10,100,212,Advanced,Advanced
4885,4,2,2,20,472,Beginner,Beginner
4886,2,8,5,50,412,Beginner,Beginner
4887,3,7,8,80,122,Advanced,Advanced
4888,5,9,3,30,577,Beginner,Beginner
4889,5,8,9,90,175,Intermediate,Advanced
4890,2,3,7,70,237,Beginner,Beginner
4891,5,1,9,90,272,Intermediate,Intermediate
4892,4,2,1,10,475,Intermediate,Beginner
4893,4,2,5,50,335,Advanced,Advanced
4894,5,4,3,30,383,Beginner,Beginner
4895,2,6,4,40,458,Beginner,Beginner
4896,2,4,4,40,585,Beginner,Beginner
4897,2,9,7,70,299,Intermediate,Intermediate
4898,1,4,10,100,185,Advanced,Advanced
4899,5,6,8,80,129,Advanced,Advanced
4900,2,6,10,100,178,Beginner,Intermediate
4901,4,10,5,50,270,Advanced,Advanced
4902,3,10,10,100,242,Beginner,Intermediate
4903,3,1,7,70,356,Intermediate,Intermediate
4904,2,8,3,30,353,Advanced,Intermediate
4905,3,3,3,30,308,Beginner,Beginner
4906,3,6,3,30,400,Beginner,Beginner
4907,1,3,4,40,594,Beginner,Beginner
4908,4,2,6,60,422,Intermediate,Intermediate
4909,4,5,5,50,355,Intermediate,Intermediate
4910,1,1,8,80,272,Intermediate,Intermediate
4911,1,9,5,50,329,Advanced,Advanced
4912,3,7,5,50,285,Advanced,Advanced
4913,5,3,10,100,129,Advanced,Advanced
4914,3,4,2,20,451,Intermediate,Beginner
4915,1,6,5,50,427,Beginner,Beginner
4916,4,3,7,70,302,Beginner,Beginner
4917,3,7,2,20,433,Intermediate,Beginner
4918,5,6,6,60,289,Advanced,Advanced
4919,3,9,7,70,379,Advanced,Advanced
4920,2,5,5,50,258,Beginner,Beginner
4921,3,4,9,90,132,Beginner,Intermediate
4922,1,3,4,40,366,Beginner,Beginner
4923,4,10,10,100,160,Beginner,Intermediate
4924,4,1,1,10,483,Intermediate,Beginner
4925,1,3,8,80,154,Advanced,Advanced
4926,2,3,8,80,200,Intermediate,Intermediate
4927,1,7,7,70,414,Intermediate,Intermediate
4928,3,7,8,80,153,Intermediate,Intermediate
4929,1,1,2,20,375,Beginner,Beginner
4930,1,3,3,30,369,Advanced,Intermediate
4931,2,8,9,90,130,Intermediate,Advanced
4932,3,9,1,10,582,Beginner,Beginner
4933,5,7,8,80,167,Intermediate,Intermediate
4934,5,7,8,80,143,Intermediate,Intermediate
4935,4,8,7,70,237,Beginner,Intermediate
4936,1,6,5,50,246,Beginner,Beginner
4937,4,3,4,40,353,Beginner,Beginner
4938,2,1,10,100,174,Beginner,Intermediate
4939,5,7,10,100,239,Beginner,Intermediate
4940,1,1,10,100,140,Intermediate,Advanced
4941,2,1,10,100,234,Intermediate,Advanced
4942,2,9,6,60,381,Intermediate,Intermediate
4943,1,10,1,10,419,Advanced,Intermediate
4944,2,7,5,50,444,Intermediate,Intermediate
4945,1,4,4,40,357,Intermediate,Beginner
4946,1,6,4,40,554,Advanced,Intermediate
4947,3,1,7,70,395,Intermediate,Intermediate
4948,4,7,9,90,173,Beginner,Intermediate
4949,2,6,8,80,265,Beginner,Intermediate
4950,2,4,8,80,122,Intermediate,Intermediate
4951,3,7,5,50,371,Intermediate,Intermediate
4952,3,3,6,60,348,Advanced,Advanced
4953,3,1,2,20,561,Intermediate,Beginner
4954,5,4,3,30,318,Advanced,Intermediate
4955,5,3,5,50,305,Beginner,Beginner
4956,5,1,2,20,470,Intermediate,Beginner
4957,1,2,3,30,496,Advanced,Intermediate
4958,2,5,4,40,372,Beginner,Beginner
4959,4,8,6,60,266,Beginner,Beginner
4960,1,1,5,50,304,Beginner,Beginner
4961,2,4,10,100,147,Advanced,Advanced
4962,2,4,4,40,431,Beginner,Beginner
4963,3,5,2,20,419,Intermediate,Beginner
4964,3,7,5,50,435,Beginner,Beginner
4965,1,8,5,50,355,Intermediate,Intermediate
4966,3,6,7,70,335,Advanced,Advanced
4967,2,1,1,10,360,Beginner,Beginner
4968,3,7,4,40,316,Beginner,Beginner
4969,5,3,5,50,253,Intermediate,Intermediate
4970,3,6,8,80,139,Intermediate,Intermediate
4971,2,8,8,80,162,Beginner,Intermediate
4972,1,7,1,10,309,Intermediate,Beginner
4973,4,10,5,50,313,Advanced,Advanced
4974,3,6,10,100,277,Beginner,Intermediate
4975,2,9,1,10,406,Beginner,Beginner
4976,4,9,1,10,404,Intermediate,Beginner
4977,4,1,2,20,370,Intermediate,Beginner
4978,5,1,2,20,383,Beginner,Beginner
4979,4,1,9,90,122,Intermediate,Advanced
4980,2,8,4,40,538,Advanced,Intermediate
4981,2,10,3,30,531,Beginner,Beginner
4982,3,7,1,10,581,Intermediate,Beginner
4983,3,3,2,20,505,Beginner,Beginner
4984,3,2,6,60,227,Intermediate,Intermediate
4985,4,4,9,90,174,Intermediate,Advanced
4986,4,3,5,50,310,Intermediate,Intermediate
4987,5,7,4,40,484,Intermediate,Beginner
4988,3,10,5,50,333,Beginner,Beginner
4989,1,8,9,90,198,Advanced,Advanced
4990,5,6,7,70,320,Intermediate,Intermediate
4991,1,3,8,80,205,Beginner,Intermediate
4992,4,6,4,40,349,Advanced,Intermediate
4993,5,2,8,80,183,Beginner,Intermediate
4994,5,7,6,60,314,Intermediate,Intermediate
4995,2,10,5,50,221,Beginner,Beginner
4996,4,7,7,70,392,Intermediate,Intermediate
4997,4,4,6,60,314,Beginner,Beginner
4998,5,8,3,30,361,Beginner,Beginner
4999,4,4,5,50,361,Beginner,Beginner
5000,5,7,9,90,193,Intermediate,Advanced
